CO_CURSO,TP_SEXO,TP_COR_RACA,TP_TURNO,IN_RESERVA_VAGAS,IN_APOIO_SOCIAL,IN_APOIO_ALIMENTACAO,IN_APOIO_MORADIA,IN_APOIO_TRANSPORTE,IN_APOIO_MATERIAL_DIDATICO,IN_APOIO_BOLSA_PERMANENCIA,IN_APOIO_BOLSA_TRABALHO,TOTAL_ALUNOS
"13394","1","3","4","0","0","null","null","null","null","null","null","12"
"13394","1","3","4","0","1","1","0","0","0","0","0","2"
"13394","1","3","4","1","1","1","1","0","0","0","0","2"
"13394","1","1","4","0","0","null","null","null","null","null","null","18"
"13394","1","2","3","0","0","null","null","null","null","null","null","2"
"13394","2","3","3","1","1","1","0","0","0","0","0","4"
"13394","1","2","4","1","1","1","0","0","0","0","0","2"
"13394","2","1","4","0","1","0","0","0","0","1","0","2"
"13394","2","3","4","1","1","1","0","0","0","0","0","4"
"13394","1","2","4","0","0","null","null","null","null","null","null","3"
"13394","2","4","4","0","0","null","null","null","null","null","null","2"
"13394","2","0","4","0","1","0","0","0","0","1","0","3"
"13394","1","3","3","1","1","1","0","0","0","0","0","2"
"13394","1","0","4","0","0","null","null","null","null","null","null","13"
"13394","2","1","3","0","0","null","null","null","null","null","null","33"
"13394","2","2","4","0","0","null","null","null","null","null","null","11"
"13394","2","2","4","1","0","null","null","null","null","null","null","2"
"13394","2","3","4","1","0","null","null","null","null","null","null","53"
"13394","1","3","3","1","0","null","null","null","null","null","null","17"
"13394","1","2","4","1","0","null","null","null","null","null","null","4"
"13394","2","0","4","0","0","null","null","null","null","null","null","28"
"13394","2","0","4","1","0","null","null","null","null","null","null","4"
"13394","2","1","4","1","0","null","null","null","null","null","null","15"
"13394","1","1","4","1","0","null","null","null","null","null","null","9"
"13394","2","0","3","0","0","null","null","null","null","null","null","7"
"13394","1","3","4","1","1","1","0","0","0","0","0","3"
"13394","2","3","4","0","0","null","null","null","null","null","null","28"
"13394","2","1","3","1","0","null","null","null","null","null","null","13"
"13394","2","3","4","0","1","1","0","0","0","0","0","2"
"13394","2","3","4","1","1","0","0","0","0","1","0","4"
"13394","2","3","3","1","0","null","null","null","null","null","null","27"
"13394","2","1","4","0","0","null","null","null","null","null","null","59"
"13394","1","3","3","0","0","null","null","null","null","null","null","6"
"13394","2","3","3","0","0","null","null","null","null","null","null","31"
"13394","2","2","3","1","0","null","null","null","null","null","null","4"
"13394","1","0","4","1","0","null","null","null","null","null","null","6"
"13394","1","4","4","1","0","null","null","null","null","null","null","2"
"13394","1","1","3","1","0","null","null","null","null","null","null","2"
"13394","1","3","4","1","0","null","null","null","null","null","null","24"
"13394","2","4","4","1","0","null","null","null","null","null","null","2"
"13394","1","1","3","0","0","null","null","null","null","null","null","8"
"13394","2","2","3","0","0","null","null","null","null","null","null","2"
"13395","2","3","3","0","0","null","null","null","null","null","null","40"
"13395","2","1","3","1","0","null","null","null","null","null","null","22"
"13395","2","1","1","1","0","null","null","null","null","null","null","16"
"13395","2","3","1","0","0","null","null","null","null","null","null","24"
"13395","1","2","1","0","0","null","null","null","null","null","null","9"
"13395","2","1","1","0","0","null","null","null","null","null","null","33"
"13395","1","0","3","0","0","null","null","null","null","null","null","14"
"13395","2","0","3","0","0","null","null","null","null","null","null","18"
"13395","1","3","1","1","1","0","0","0","0","1","0","2"
"13395","2","2","3","1","0","null","null","null","null","null","null","12"
"13395","1","0","1","1","0","null","null","null","null","null","null","10"
"13395","2","0","1","1","0","null","null","null","null","null","null","5"
"13395","2","2","1","0","0","null","null","null","null","null","null","7"
"13395","1","0","1","0","1","0","0","0","0","1","1","2"
"13395","2","1","3","0","0","null","null","null","null","null","null","53"
"13395","2","0","3","1","0","null","null","null","null","null","null","8"
"13395","2","2","3","0","0","null","null","null","null","null","null","10"
"13395","2","3","1","1","1","1","0","0","0","0","0","7"
"13395","1","3","1","0","0","null","null","null","null","null","null","25"
"13395","1","1","3","1","0","null","null","null","null","null","null","5"
"13395","2","2","1","1","0","null","null","null","null","null","null","4"
"13395","1","1","1","0","1","0","0","0","0","1","0","2"
"13395","1","3","3","0","0","null","null","null","null","null","null","40"
"13395","1","2","3","0","0","null","null","null","null","null","null","7"
"13395","2","0","1","0","0","null","null","null","null","null","null","24"
"13395","1","1","1","0","0","null","null","null","null","null","null","37"
"13395","1","3","1","1","1","1","0","0","0","0","0","7"
"13395","1","1","1","1","1","0","0","0","0","1","0","2"
"13395","1","3","1","1","0","null","null","null","null","null","null","33"
"13395","1","2","3","1","0","null","null","null","null","null","null","7"
"13395","1","1","3","1","1","1","0","0","0","0","0","2"
"13395","1","1","3","0","1","1","0","0","0","0","0","2"
"13395","1","2","1","1","0","null","null","null","null","null","null","2"
"13395","1","1","1","1","1","1","0","0","0","1","0","2"
"13395","1","0","1","0","0","null","null","null","null","null","null","19"
"13395","2","3","3","1","0","null","null","null","null","null","null","50"
"13395","2","3","1","1","0","null","null","null","null","null","null","37"
"13395","1","3","3","1","0","null","null","null","null","null","null","33"
"13395","1","1","3","0","0","null","null","null","null","null","null","28"
"13395","1","0","3","1","0","null","null","null","null","null","null","5"
"13395","1","1","1","1","0","null","null","null","null","null","null","9"
"13396","1","1","3","1","1","1","0","0","0","0","0","2"
"13396","1","3","3","1","1","0","0","0","0","1","0","3"
"13396","1","0","3","0","0","null","null","null","null","null","null","36"
"13396","1","4","3","1","0","null","null","null","null","null","null","2"
"13396","1","3","3","1","1","1","0","0","0","0","0","5"
"13396","1","3","3","1","0","null","null","null","null","null","null","73"
"13396","2","3","3","0","1","0","1","0","0","0","1","2"
"13396","2","1","3","1","0","null","null","null","null","null","null","8"
"13396","2","3","3","0","0","null","null","null","null","null","null","37"
"13396","1","3","3","0","1","0","0","1","0","0","1","2"
"13396","1","1","3","0","1","0","0","0","0","0","1","2"
"13396","1","3","3","1","1","0","0","0","0","0","1","3"
"13396","2","3","3","0","1","1","0","0","0","0","0","2"
"13396","1","2","3","1","0","null","null","null","null","null","null","10"
"13396","2","3","3","1","0","null","null","null","null","null","null","44"
"13396","2","0","3","0","0","null","null","null","null","null","null","25"
"13396","2","4","3","0","0","null","null","null","null","null","null","2"
"13396","2","1","3","0","0","null","null","null","null","null","null","34"
"13396","1","3","3","0","1","0","0","0","0","1","1","2"
"13396","1","3","3","0","1","0","0","0","0","0","1","4"
"13396","1","3","3","0","0","null","null","null","null","null","null","63"
"13396","1","1","3","0","1","1","0","0","0","0","0","2"
"13396","2","2","3","1","0","null","null","null","null","null","null","5"
"13396","1","5","3","0","0","null","null","null","null","null","null","2"
"13396","2","3","3","1","1","1","0","0","0","0","0","2"
"13396","2","2","3","0","0","null","null","null","null","null","null","7"
"13396","1","1","3","1","0","null","null","null","null","null","null","28"
"13396","2","0","3","0","1","0","0","0","0","0","1","2"
"13396","2","0","3","1","0","null","null","null","null","null","null","10"
"13396","1","0","3","1","0","null","null","null","null","null","null","11"
"13396","2","1","3","0","1","0","0","0","0","1","0","2"
"13396","1","1","3","0","0","null","null","null","null","null","null","59"
"13396","1","2","3","0","0","null","null","null","null","null","null","8"
"13396","2","1","3","0","1","0","0","0","0","0","1","2"
"13397","2","1","3","0","0","null","null","null","null","null","null","104"
"13397","2","2","3","1","0","null","null","null","null","null","null","17"
"13397","2","4","3","0","0","null","null","null","null","null","null","4"
"13397","1","1","3","0","0","null","null","null","null","null","null","44"
"13397","2","1","3","1","0","null","null","null","null","null","null","34"
"13397","1","1","3","0","1","1","0","0","0","0","0","4"
"13397","2","1","3","0","1","0","0","0","0","0","1","2"
"13397","2","3","3","0","0","null","null","null","null","null","null","102"
"13397","2","0","3","1","0","null","null","null","null","null","null","9"
"13397","1","3","1","0","0","null","null","null","null","null","null","47"
"13397","1","2","1","1","0","null","null","null","null","null","null","3"
"13397","2","2","1","1","0","null","null","null","null","null","null","4"
"13397","1","3","1","1","1","1","0","0","0","0","0","6"
"13397","2","4","1","0","0","null","null","null","null","null","null","2"
"13397","1","3","3","0","0","null","null","null","null","null","null","60"
"13397","2","2","3","0","0","null","null","null","null","null","null","19"
"13397","1","3","3","1","1","0","0","0","0","1","0","2"
"13397","1","3","3","0","1","0","0","0","0","1","0","2"
"13397","2","0","1","1","0","null","null","null","null","null","null","11"
"13397","1","1","3","1","0","null","null","null","null","null","null","22"
"13397","1","1","1","1","1","0","0","0","0","1","0","2"
"13397","2","0","1","0","1","0","0","0","0","0","1","2"
"13397","1","3","3","1","0","null","null","null","null","null","null","85"
"13397","2","1","1","0","0","null","null","null","null","null","null","61"
"13397","1","0","1","0","0","null","null","null","null","null","null","47"
"13397","1","1","1","1","0","null","null","null","null","null","null","24"
"13397","1","0","1","0","1","0","0","0","0","0","1","3"
"13397","2","1","3","1","1","1","0","0","0","0","0","2"
"13397","2","0","1","0","0","null","null","null","null","null","null","52"
"13397","2","2","1","0","0","null","null","null","null","null","null","8"
"13397","1","2","1","0","0","null","null","null","null","null","null","7"
"13397","1","3","1","0","1","1","1","0","0","0","0","2"
"13397","2","1","3","1","1","1","1","0","0","0","0","3"
"13397","2","3","3","1","0","null","null","null","null","null","null","118"
"13397","2","3","1","0","0","null","null","null","null","null","null","53"
"13397","1","1","1","0","0","null","null","null","null","null","null","53"
"13397","1","0","1","1","0","null","null","null","null","null","null","17"
"13397","1","0","3","1","0","null","null","null","null","null","null","14"
"13397","2","3","3","1","1","1","0","0","0","0","0","4"
"13397","2","3","3","0","1","1","0","0","0","0","0","2"
"13397","2","3","1","1","0","null","null","null","null","null","null","84"
"13397","1","0","3","0","0","null","null","null","null","null","null","29"
"13397","1","3","1","1","0","null","null","null","null","null","null","83"
"13397","2","3","1","1","1","1","0","0","0","0","0","3"
"13397","2","1","1","1","0","null","null","null","null","null","null","12"
"13397","1","2","3","1","0","null","null","null","null","null","null","5"
"13397","2","0","3","0","0","null","null","null","null","null","null","39"
"13397","1","2","3","0","0","null","null","null","null","null","null","5"
"13397","1","3","1","1","1","0","0","0","0","1","0","2"
"13398","2","3","3","0","0","null","null","null","null","null","null","45"
"13398","2","1","1","0","0","null","null","null","null","null","null","51"
"13398","1","1","1","0","1","0","0","0","0","0","1","6"
"13398","2","2","1","1","0","null","null","null","null","null","null","2"
"13398","2","3","3","1","1","0","0","0","0","1","0","4"
"13398","2","2","3","1","0","null","null","null","null","null","null","5"
"13398","2","2","3","0","1","0","0","0","0","1","0","2"
"13398","2","0","3","0","1","0","0","0","0","1","0","3"
"13398","2","3","3","1","0","null","null","null","null","null","null","92"
"13398","2","3","1","1","1","1","0","0","0","0","0","8"
"13398","1","0","3","0","0","null","null","null","null","null","null","30"
"13398","1","0","3","1","0","null","null","null","null","null","null","3"
"13398","2","1","1","0","1","0","0","0","0","1","0","3"
"13398","2","3","1","0","0","null","null","null","null","null","null","26"
"13398","1","3","1","0","0","null","null","null","null","null","null","30"
"13398","1","3","3","0","1","0","0","0","0","1","0","4"
"13398","1","4","3","0","0","null","null","null","null","null","null","4"
"13398","1","3","1","1","1","0","0","0","0","0","1","3"
"13398","1","2","3","0","0","null","null","null","null","null","null","3"
"13398","2","0","1","1","0","null","null","null","null","null","null","6"
"13398","2","1","3","0","0","null","null","null","null","null","null","67"
"13398","2","0","1","0","0","null","null","null","null","null","null","17"
"13398","2","3","1","1","0","null","null","null","null","null","null","54"
"13398","2","3","1","0","1","0","0","0","0","1","0","4"
"13398","2","2","1","0","0","null","null","null","null","null","null","7"
"13398","1","1","3","0","1","0","0","0","0","0","1","2"
"13398","1","0","1","1","0","null","null","null","null","null","null","11"
"13398","1","1","1","0","1","0","0","0","0","1","1","2"
"13398","1","2","1","1","0","null","null","null","null","null","null","4"
"13398","1","0","1","1","1","1","0","0","0","0","0","2"
"13398","1","0","1","0","1","0","0","0","0","1","1","2"
"13398","1","1","1","1","0","null","null","null","null","null","null","25"
"13398","1","3","1","1","1","0","0","0","0","1","0","6"
"13398","2","3","1","1","1","0","0","0","0","1","0","5"
"13398","1","1","1","0","1","0","0","0","0","1","0","10"
"13398","1","0","1","0","1","0","0","0","0","1","0","4"
"13398","1","2","3","1","0","null","null","null","null","null","null","4"
"13398","2","3","3","0","1","0","0","0","0","1","0","2"
"13398","2","5","3","0","0","null","null","null","null","null","null","2"
"13398","1","3","3","1","0","null","null","null","null","null","null","49"
"13398","2","0","3","0","0","null","null","null","null","null","null","32"
"13398","1","0","1","0","0","null","null","null","null","null","null","34"
"13398","1","1","3","0","1","0","0","0","0","1","1","2"
"13398","1","1","3","0","0","null","null","null","null","null","null","73"
"13398","2","0","3","1","0","null","null","null","null","null","null","9"
"13398","2","1","3","1","0","null","null","null","null","null","null","26"
"13398","1","3","1","0","1","0","0","0","0","1","0","3"
"13398","1","3","1","0","1","1","0","0","0","0","0","2"
"13398","2","3","3","1","1","1","0","0","0","0","0","3"
"13398","1","3","1","1","0","null","null","null","null","null","null","55"
"13398","1","1","1","0","0","null","null","null","null","null","null","86"
"13398","2","2","3","1","1","1","0","0","0","0","0","2"
"13398","1","1","3","1","0","null","null","null","null","null","null","11"
"13398","1","3","1","1","1","1","1","0","0","0","0","1"
"13398","2","1","1","0","1","0","0","0","0","0","1","3"
"13398","1","3","3","0","0","null","null","null","null","null","null","29"
"13398","2","3","1","1","1","1","0","0","0","1","0","2"
"13398","1","1","3","0","1","0","0","0","0","1","0","11"
"13398","1","3","1","1","1","1","0","0","0","0","0","9"
"13398","1","0","3","0","1","0","0","0","0","1","0","2"
"13398","1","2","1","0","0","null","null","null","null","null","null","2"
"13398","2","1","1","1","0","null","null","null","null","null","null","19"
"13398","2","2","3","0","0","null","null","null","null","null","null","8"
"13398","2","1","3","0","1","0","0","0","0","1","0","3"
"13398","1","3","3","1","1","0","0","0","0","1","1","2"
"13398","1","3","3","1","1","0","0","0","0","1","0","3"
"13399","1","3","3","0","0","null","null","null","null","null","null","4"
"13399","1","1","3","0","0","null","null","null","null","null","null","3"
"13399","2","1","4","1","1","1","0","0","0","0","0","4"
"13399","2","2","4","1","0","null","null","null","null","null","null","2"
"13399","2","2","4","1","1","1","0","0","0","0","0","2"
"13399","2","1","4","1","0","null","null","null","null","null","null","9"
"13399","2","1","4","0","0","null","null","null","null","null","null","36"
"13399","1","1","4","1","1","1","0","0","0","0","0","4"
"13399","1","4","4","0","0","null","null","null","null","null","null","4"
"13399","2","1","4","0","1","0","0","0","0","1","0","3"
"13399","2","0","4","0","0","null","null","null","null","null","null","17"
"13399","2","1","4","0","1","1","0","0","0","0","0","3"
"13399","1","0","4","1","0","null","null","null","null","null","null","4"
"13399","2","0","4","1","0","null","null","null","null","null","null","7"
"13399","2","3","4","1","1","1","0","0","0","0","0","3"
"13399","1","3","4","1","1","1","0","0","0","0","0","8"
"13399","2","3","4","0","1","1","0","0","0","1","0","2"
"13399","2","4","4","0","0","null","null","null","null","null","null","2"
"13399","2","2","3","0","0","null","null","null","null","null","null","2"
"13399","2","1","3","0","0","null","null","null","null","null","null","2"
"13399","1","1","4","0","1","0","0","0","0","1","0","2"
"13399","1","3","4","0","1","1","0","0","0","0","0","2"
"13399","1","2","4","0","0","null","null","null","null","null","null","12"
"13399","2","3","3","0","0","null","null","null","null","null","null","5"
"13399","1","0","3","0","0","null","null","null","null","null","null","2"
"13399","2","3","4","1","1","0","0","0","0","0","1","2"
"13399","2","3","4","0","0","null","null","null","null","null","null","25"
"13399","2","2","4","0","1","1","0","0","0","0","0","2"
"13399","1","1","4","1","1","0","0","0","0","1","0","3"
"13399","2","2","4","1","1","0","1","0","0","0","0","2"
"13399","1","3","3","1","0","null","null","null","null","null","null","2"
"13399","1","0","4","0","0","null","null","null","null","null","null","20"
"13399","2","3","4","1","0","null","null","null","null","null","null","29"
"13399","2","2","4","0","0","null","null","null","null","null","null","11"
"13399","1","3","4","1","0","null","null","null","null","null","null","47"
"13399","1","1","4","1","0","null","null","null","null","null","null","11"
"13399","2","0","4","1","1","0","0","0","0","1","0","2"
"13399","2","3","3","1","0","null","null","null","null","null","null","3"
"13399","1","2","4","1","0","null","null","null","null","null","null","2"
"13399","1","3","4","0","1","0","0","0","0","1","0","4"
"13399","1","3","4","1","1","0","0","0","0","1","0","5"
"13399","1","3","4","0","0","null","null","null","null","null","null","34"
"13399","1","1","4","0","0","null","null","null","null","null","null","36"
"13399","1","3","4","1","1","1","1","0","0","0","0","2"
"13400","2","3","3","1","1","1","0","0","0","0","0","7"
"13400","1","1","3","0","0","null","null","null","null","null","null","6"
"13400","1","1","3","1","0","null","null","null","null","null","null","3"
"13400","2","0","3","1","0","null","null","null","null","null","null","6"
"13400","1","3","3","0","0","null","null","null","null","null","null","12"
"13400","1","3","3","1","1","1","1","0","0","0","0","2"
"13400","2","1","3","1","0","null","null","null","null","null","null","10"
"13400","1","3","3","1","1","1","0","0","0","0","0","2"
"13400","2","1","3","0","0","null","null","null","null","null","null","36"
"13400","2","3","3","0","0","null","null","null","null","null","null","41"
"13400","2","2","3","1","0","null","null","null","null","null","null","4"
"13400","2","0","3","0","0","null","null","null","null","null","null","23"
"13400","1","0","3","0","0","null","null","null","null","null","null","4"
"13400","1","3","3","1","0","null","null","null","null","null","null","15"
"13400","2","2","3","0","0","null","null","null","null","null","null","8"
"13400","2","3","3","1","0","null","null","null","null","null","null","35"
"13400","1","0","3","1","0","null","null","null","null","null","null","4"
"13400","2","4","3","0","0","null","null","null","null","null","null","4"
"13401","2","3","4","1","1","1","0","0","0","0","1","2"
"13401","2","3","4","0","1","1","0","0","0","0","0","5"
"13401","2","0","4","1","1","1","0","0","0","0","0","6"
"13401","2","1","4","0","1","1","0","0","0","0","0","2"
"13401","2","1","4","1","1","1","0","0","0","0","0","3"
"13401","1","1","4","0","1","1","0","0","0","0","0","5"
"13401","1","3","4","1","0","null","null","null","null","null","null","12"
"13401","1","1","4","1","1","1","0","0","0","0","0","2"
"13401","2","0","4","0","0","null","null","null","null","null","null","44"
"13401","1","1","4","1","0","null","null","null","null","null","null","7"
"13401","1","0","4","0","0","null","null","null","null","null","null","10"
"13401","2","1","4","0","0","null","null","null","null","null","null","126"
"13401","2","3","4","0","1","0","0","0","0","0","1","4"
"13401","2","3","4","1","0","null","null","null","null","null","null","75"
"13401","1","3","4","1","1","1","0","0","0","0","0","2"
"13401","2","3","4","1","1","0","0","0","0","0","1","2"
"13401","2","4","4","1","0","null","null","null","null","null","null","2"
"13401","2","0","4","1","1","0","0","0","0","1","0","2"
"13401","2","3","4","0","1","0","0","1","0","0","0","2"
"13401","2","1","4","0","1","0","0","0","0","0","1","6"
"13401","2","3","4","0","1","0","0","0","0","1","0","3"
"13401","2","2","4","1","1","1","1","1","0","0","0","2"
"13401","2","2","4","1","1","1","0","0","0","0","0","3"
"13401","2","1","4","0","1","0","0","0","0","1","0","4"
"13401","2","1","4","1","0","null","null","null","null","null","null","26"
"13401","2","1","4","0","1","0","1","0","0","0","0","2"
"13401","2","1","4","1","1","1","1","1","0","0","0","3"
"13401","1","3","4","0","0","null","null","null","null","null","null","4"
"13401","2","2","4","1","0","null","null","null","null","null","null","7"
"13401","2","3","4","1","1","1","0","1","0","0","0","5"
"13401","2","3","4","1","1","1","0","0","0","0","0","28"
"13401","1","1","4","0","0","null","null","null","null","null","null","19"
"13401","2","3","4","0","0","null","null","null","null","null","null","59"
"13401","2","2","4","0","0","null","null","null","null","null","null","7"
"13401","2","0","4","1","0","null","null","null","null","null","null","11"
"13401","1","0","4","1","0","null","null","null","null","null","null","2"
"13402","2","0","3","0","0","null","null","null","null","null","null","11"
"13402","1","3","3","1","1","1","0","0","0","0","0","2"
"13402","2","0","4","1","1","1","0","0","0","0","0","2"
"13402","1","0","4","1","0","null","null","null","null","null","null","5"
"13402","1","3","4","0","0","null","null","null","null","null","null","9"
"13402","2","1","4","0","1","0","0","0","0","1","0","4"
"13402","1","1","4","1","0","null","null","null","null","null","null","5"
"13402","1","0","4","0","0","null","null","null","null","null","null","8"
"13402","1","3","4","1","1","1","0","0","0","0","0","5"
"13402","1","1","3","0","0","null","null","null","null","null","null","11"
"13402","2","0","4","1","0","null","null","null","null","null","null","3"
"13402","2","3","4","1","0","null","null","null","null","null","null","28"
"13402","2","1","3","0","1","1","0","0","0","0","0","2"
"13402","1","3","3","0","1","0","0","0","0","1","0","2"
"13402","1","3","3","1","0","null","null","null","null","null","null","23"
"13402","2","1","4","0","0","null","null","null","null","null","null","20"
"13402","2","0","4","0","0","null","null","null","null","null","null","13"
"13402","1","1","3","1","0","null","null","null","null","null","null","6"
"13402","2","3","3","1","0","null","null","null","null","null","null","58"
"13402","2","3","3","1","1","1","0","0","0","0","0","3"
"13402","2","1","3","1","0","null","null","null","null","null","null","13"
"13402","1","4","4","0","0","null","null","null","null","null","null","2"
"13402","1","3","3","0","1","1","0","0","0","0","0","2"
"13402","2","2","3","1","0","null","null","null","null","null","null","4"
"13402","2","2","3","0","0","null","null","null","null","null","null","15"
"13402","1","2","4","0","0","null","null","null","null","null","null","2"
"13402","2","3","4","1","1","1","0","0","0","0","0","4"
"13402","1","3","4","1","0","null","null","null","null","null","null","16"
"13402","2","0","3","1","0","null","null","null","null","null","null","3"
"13402","1","2","3","0","0","null","null","null","null","null","null","2"
"13402","2","1","3","0","0","null","null","null","null","null","null","29"
"13402","2","1","4","1","0","null","null","null","null","null","null","5"
"13402","1","3","3","0","0","null","null","null","null","null","null","10"
"13402","1","0","3","0","0","null","null","null","null","null","null","7"
"13402","1","2","4","1","0","null","null","null","null","null","null","3"
"13402","2","3","3","0","0","null","null","null","null","null","null","46"
"13402","2","2","4","0","0","null","null","null","null","null","null","3"
"13402","2","3","4","0","0","null","null","null","null","null","null","15"
"13402","1","1","4","0","0","null","null","null","null","null","null","6"
"13402","2","2","4","1","0","null","null","null","null","null","null","4"
"13402","2","1","3","1","1","0","0","0","0","1","0","2"
"13402","2","3","4","1","1","1","0","1","0","0","0","2"
"13403","2","0","4","0","0","null","null","null","null","null","null","9"
"13403","1","3","4","0","0","null","null","null","null","null","null","20"
"13403","2","1","4","0","0","null","null","null","null","null","null","16"
"13403","2","2","4","1","0","null","null","null","null","null","null","4"
"13403","1","1","4","0","1","1","0","0","0","0","0","2"
"13403","2","1","4","0","1","0","0","0","0","1","0","2"
"13403","1","1","4","1","1","0","0","0","0","1","0","2"
"13403","2","3","4","1","0","null","null","null","null","null","null","21"
"13403","1","2","4","0","0","null","null","null","null","null","null","4"
"13403","1","0","4","1","0","null","null","null","null","null","null","8"
"13403","1","0","4","0","0","null","null","null","null","null","null","19"
"13403","2","3","4","0","0","null","null","null","null","null","null","15"
"13403","1","3","4","0","1","0","0","1","0","0","0","2"
"13403","1","1","4","0","0","null","null","null","null","null","null","24"
"13403","1","1","4","0","1","0","0","0","0","0","1","2"
"13403","1","3","4","1","1","0","0","0","0","1","0","3"
"13403","1","3","4","1","0","null","null","null","null","null","null","36"
"13403","1","4","4","1","0","null","null","null","null","null","null","2"
"13403","1","2","4","1","0","null","null","null","null","null","null","4"
"13403","2","1","4","1","0","null","null","null","null","null","null","7"
"13403","2","3","4","1","1","0","0","0","0","1","0","4"
"13403","1","0","4","0","1","0","0","0","0","1","0","2"
"13404","1","2","4","0","0","null","null","null","null","null","null","3"
"13404","1","1","4","1","0","null","null","null","null","null","null","3"
"13404","2","0","3","0","0","null","null","null","null","null","null","8"
"13404","2","1","4","1","0","null","null","null","null","null","null","2"
"13404","1","3","4","1","1","1","0","0","0","0","0","2"
"13404","2","0","4","1","0","null","null","null","null","null","null","2"
"13404","1","0","4","1","0","null","null","null","null","null","null","3"
"13404","1","3","4","0","0","null","null","null","null","null","null","9"
"13404","1","0","4","0","0","null","null","null","null","null","null","8"
"13404","1","0","3","0","0","null","null","null","null","null","null","5"
"13404","1","0","4","0","1","0","0","1","0","0","1","2"
"13404","1","3","3","0","0","null","null","null","null","null","null","9"
"13404","2","2","3","1","0","null","null","null","null","null","null","4"
"13404","1","1","3","0","0","null","null","null","null","null","null","12"
"13404","2","3","4","0","0","null","null","null","null","null","null","10"
"13404","1","0","3","1","0","null","null","null","null","null","null","2"
"13404","1","1","3","1","0","null","null","null","null","null","null","7"
"13404","2","0","3","1","0","null","null","null","null","null","null","3"
"13404","2","1","3","0","0","null","null","null","null","null","null","14"
"13404","1","2","4","1","0","null","null","null","null","null","null","2"
"13404","2","3","4","1","1","1","0","0","0","0","0","2"
"13404","2","3","3","1","1","1","0","0","0","0","0","3"
"13404","2","4","3","0","0","null","null","null","null","null","null","4"
"13404","2","2","3","0","0","null","null","null","null","null","null","4"
"13404","2","3","3","0","0","null","null","null","null","null","null","26"
"13404","1","3","4","1","0","null","null","null","null","null","null","12"
"13404","1","1","4","0","0","null","null","null","null","null","null","6"
"13404","2","3","4","1","0","null","null","null","null","null","null","7"
"13404","1","3","3","1","0","null","null","null","null","null","null","14"
"13404","2","1","3","1","0","null","null","null","null","null","null","6"
"13404","2","3","3","1","0","null","null","null","null","null","null","17"
"13404","2","0","4","0","0","null","null","null","null","null","null","6"
"13404","2","2","4","0","0","null","null","null","null","null","null","2"
"13404","2","1","4","0","0","null","null","null","null","null","null","5"
"13404","1","2","3","1","0","null","null","null","null","null","null","2"
"13406","1","1","3","1","0","null","null","null","null","null","null","4"
"13406","1","0","3","1","0","null","null","null","null","null","null","2"
"13406","2","1","3","0","0","null","null","null","null","null","null","45"
"13406","2","1","3","1","0","null","null","null","null","null","null","7"
"13406","1","0","3","0","0","null","null","null","null","null","null","3"
"13406","2","3","3","1","1","0","0","0","0","1","0","2"
"13406","2","3","3","0","0","null","null","null","null","null","null","37"
"13406","2","1","3","1","1","0","0","0","0","1","0","3"
"13406","2","3","3","0","1","1","0","0","0","0","0","2"
"13406","1","3","3","1","0","null","null","null","null","null","null","13"
"13406","1","2","3","1","0","null","null","null","null","null","null","4"
"13406","2","0","3","1","0","null","null","null","null","null","null","9"
"13406","1","0","3","1","1","1","0","0","0","0","0","2"
"13406","1","1","3","0","0","null","null","null","null","null","null","12"
"13406","1","3","3","0","0","null","null","null","null","null","null","16"
"13406","2","2","3","0","0","null","null","null","null","null","null","14"
"13406","2","2","3","1","0","null","null","null","null","null","null","9"
"13406","2","3","3","1","0","null","null","null","null","null","null","42"
"13406","2","3","3","1","1","1","0","0","0","0","0","2"
"13406","2","0","3","0","0","null","null","null","null","null","null","16"
"13409","2","0","3","0","0","null","null","null","null","null","null","11"
"13409","1","0","3","1","0","null","null","null","null","null","null","3"
"13409","2","2","3","0","0","null","null","null","null","null","null","3"
"13409","1","2","3","0","0","null","null","null","null","null","null","3"
"13409","2","3","3","0","0","null","null","null","null","null","null","19"
"13409","1","3","3","1","0","null","null","null","null","null","null","16"
"13409","2","1","3","0","1","1","0","0","0","0","0","2"
"13409","2","2","3","1","0","null","null","null","null","null","null","6"
"13409","2","1","3","0","0","null","null","null","null","null","null","28"
"13409","1","1","3","0","0","null","null","null","null","null","null","19"
"13409","2","0","3","1","0","null","null","null","null","null","null","3"
"13409","2","3","3","0","1","0","0","0","0","0","1","2"
"13409","2","3","3","1","0","null","null","null","null","null","null","25"
"13409","2","1","3","1","0","null","null","null","null","null","null","6"
"13409","1","3","3","0","0","null","null","null","null","null","null","7"
"13409","1","1","3","1","0","null","null","null","null","null","null","3"
"13409","1","0","3","0","0","null","null","null","null","null","null","5"
"13413","1","1","4","1","0","null","null","null","null","null","null","28"
"13413","2","1","4","1","0","null","null","null","null","null","null","6"
"13413","1","0","4","1","0","null","null","null","null","null","null","14"
"13413","2","1","4","1","1","1","0","0","0","0","0","2"
"13413","1","0","4","0","1","0","0","0","0","1","0","6"
"13413","1","1","4","0","1","1","0","0","0","1","0","2"
"13413","1","3","4","1","1","1","0","0","0","0","0","9"
"13413","2","3","4","1","1","1","0","0","0","0","0","8"
"13413","1","0","4","0","0","null","null","null","null","null","null","53"
"13413","1","3","4","1","0","null","null","null","null","null","null","76"
"13413","1","3","4","1","1","1","0","0","0","1","0","4"
"13413","2","1","4","0","1","1","0","0","0","0","0","2"
"13413","2","1","4","0","0","null","null","null","null","null","null","38"
"13413","1","2","4","1","0","null","null","null","null","null","null","7"
"13413","2","1","4","1","1","1","0","0","0","1","1","2"
"13413","2","3","4","0","1","0","0","0","0","1","0","2"
"13413","1","3","4","1","1","1","0","1","0","0","0","2"
"13413","1","3","4","0","0","null","null","null","null","null","null","52"
"13413","1","1","4","1","1","0","0","0","0","1","0","3"
"13413","1","3","4","1","1","0","0","0","0","0","1","2"
"13413","2","2","4","1","0","null","null","null","null","null","null","6"
"13413","2","3","4","1","1","0","0","0","0","1","0","4"
"13413","1","3","4","1","1","0","0","0","0","1","0","5"
"13413","1","3","4","0","1","0","0","0","0","1","0","2"
"13413","2","3","4","1","0","null","null","null","null","null","null","44"
"13413","1","1","4","0","1","0","0","0","0","0","1","2"
"13413","1","1","4","0","1","1","0","0","0","0","0","2"
"13413","1","1","4","0","0","null","null","null","null","null","null","95"
"13413","1","1","4","0","1","0","0","0","0","1","0","17"
"13413","2","0","4","1","0","null","null","null","null","null","null","7"
"13413","2","0","4","0","0","null","null","null","null","null","null","9"
"13413","2","3","4","0","0","null","null","null","null","null","null","21"
"13413","1","2","4","0","0","null","null","null","null","null","null","7"
"13413","1","1","4","1","1","1","0","0","0","0","0","8"
"13413","1","3","4","0","1","0","0","1","0","0","0","2"
"13413","2","2","4","0","0","null","null","null","null","null","null","2"
"13413","1","3","4","0","1","0","0","0","0","0","1","2"
"13415","1","3","2","1","1","0","0","0","0","0","1","2"
"13415","1","0","2","1","0","null","null","null","null","null","null","2"
"13415","1","0","3","0","0","null","null","null","null","null","null","8"
"13415","2","1","2","1","0","null","null","null","null","null","null","9"
"13415","1","3","3","1","0","null","null","null","null","null","null","32"
"13415","2","2","2","0","0","null","null","null","null","null","null","4"
"13415","2","3","3","1","0","null","null","null","null","null","null","40"
"13415","1","2","2","1","0","null","null","null","null","null","null","5"
"13415","2","0","2","0","0","null","null","null","null","null","null","5"
"13415","2","0","2","1","0","null","null","null","null","null","null","4"
"13415","2","2","2","1","0","null","null","null","null","null","null","4"
"13415","1","5","3","1","0","null","null","null","null","null","null","2"
"13415","1","1","3","1","0","null","null","null","null","null","null","10"
"13415","1","3","3","0","0","null","null","null","null","null","null","13"
"13415","2","3","2","1","1","1","0","0","0","0","0","2"
"13415","1","1","2","0","0","null","null","null","null","null","null","26"
"13415","1","1","2","1","0","null","null","null","null","null","null","11"
"13415","1","0","2","0","0","null","null","null","null","null","null","14"
"13415","2","3","2","0","0","null","null","null","null","null","null","17"
"13415","2","3","3","0","1","0","0","0","0","0","1","2"
"13415","1","2","2","0","0","null","null","null","null","null","null","3"
"13415","1","1","2","0","1","0","0","0","0","0","1","2"
"13415","2","5","3","0","0","null","null","null","null","null","null","3"
"13415","2","3","3","1","1","1","0","0","0","0","0","2"
"13415","2","1","2","0","0","null","null","null","null","null","null","31"
"13415","1","3","2","0","1","0","0","0","0","1","0","2"
"13415","2","1","2","0","1","0","0","0","0","1","0","3"
"13415","2","0","3","1","0","null","null","null","null","null","null","4"
"13415","2","1","3","0","0","null","null","null","null","null","null","33"
"13415","2","1","3","1","0","null","null","null","null","null","null","9"
"13415","2","3","2","1","0","null","null","null","null","null","null","23"
"13415","2","1","3","0","1","1","0","0","0","0","0","2"
"13415","2","4","3","0","0","null","null","null","null","null","null","3"
"13415","2","3","2","1","1","1","1","0","0","0","0","2"
"13415","2","2","3","1","0","null","null","null","null","null","null","12"
"13415","1","3","2","1","0","null","null","null","null","null","null","34"
"13415","1","2","3","1","0","null","null","null","null","null","null","6"
"13415","1","1","3","0","0","null","null","null","null","null","null","22"
"13415","1","0","3","1","0","null","null","null","null","null","null","5"
"13415","2","2","3","0","0","null","null","null","null","null","null","7"
"13415","1","2","2","1","1","1","0","0","0","0","1","2"
"13415","1","3","2","1","1","1","0","0","0","0","0","2"
"13415","1","3","2","0","0","null","null","null","null","null","null","12"
"13415","2","0","3","0","0","null","null","null","null","null","null","21"
"13415","2","3","3","0","0","null","null","null","null","null","null","26"
"13417","1","3","3","1","1","1","0","0","0","0","0","6"
"13417","1","1","2","1","1","1","0","0","0","0","0","4"
"13417","2","1","3","1","0","null","null","null","null","null","null","2"
"13417","2","3","3","0","0","null","null","null","null","null","null","13"
"13417","2","3","2","1","0","null","null","null","null","null","null","4"
"13417","1","2","2","0","0","null","null","null","null","null","null","5"
"13417","1","3","3","0","0","null","null","null","null","null","null","38"
"13417","1","0","2","0","0","null","null","null","null","null","null","23"
"13417","1","2","3","0","0","null","null","null","null","null","null","8"
"13417","2","0","3","0","0","null","null","null","null","null","null","8"
"13417","2","3","3","1","0","null","null","null","null","null","null","14"
"13417","1","3","2","1","1","0","0","0","0","1","0","5"
"13417","1","3","3","1","0","null","null","null","null","null","null","61"
"13417","2","1","3","0","0","null","null","null","null","null","null","11"
"13417","1","3","2","1","1","1","0","0","0","0","0","7"
"13417","2","0","3","1","0","null","null","null","null","null","null","4"
"13417","2","3","2","0","0","null","null","null","null","null","null","4"
"13417","1","0","3","1","0","null","null","null","null","null","null","9"
"13417","1","1","2","1","0","null","null","null","null","null","null","14"
"13417","1","3","2","0","1","0","0","0","0","1","0","3"
"13417","1","2","2","1","0","null","null","null","null","null","null","9"
"13417","1","3","2","1","0","null","null","null","null","null","null","55"
"13417","2","2","3","1","0","null","null","null","null","null","null","7"
"13417","1","0","2","1","0","null","null","null","null","null","null","12"
"13417","1","3","2","0","1","0","0","1","0","0","0","2"
"13417","1","1","3","1","0","null","null","null","null","null","null","21"
"13417","2","1","2","0","0","null","null","null","null","null","null","3"
"13417","1","5","3","1","0","null","null","null","null","null","null","2"
"13417","1","3","2","0","0","null","null","null","null","null","null","45"
"13417","1","1","3","0","0","null","null","null","null","null","null","34"
"13417","2","4","3","0","0","null","null","null","null","null","null","2"
"13417","1","1","2","0","0","null","null","null","null","null","null","39"
"13417","1","0","3","0","0","null","null","null","null","null","null","27"
"13417","1","2","3","1","0","null","null","null","null","null","null","13"
"13417","2","2","3","0","0","null","null","null","null","null","null","3"
"13418","1","1","3","1","0","null","null","null","null","null","null","27"
"13418","2","1","2","1","0","null","null","null","null","null","null","4"
"13418","1","1","2","1","0","null","null","null","null","null","null","37"
"13418","1","0","1","0","0","null","null","null","null","null","null","53"
"13418","2","0","3","1","0","null","null","null","null","null","null","3"
"13418","2","2","2","0","1","1","0","0","0","0","0","2"
"13418","2","0","2","1","0","null","null","null","null","null","null","3"
"13418","2","0","3","0","0","null","null","null","null","null","null","3"
"13418","1","3","1","0","1","0","0","0","0","1","0","6"
"13418","1","3","1","1","1","0","0","0","0","1","0","2"
"13418","1","2","3","0","0","null","null","null","null","null","null","17"
"13418","1","3","3","0","0","null","null","null","null","null","null","100"
"13418","1","0","3","1","0","null","null","null","null","null","null","27"
"13418","2","3","2","1","0","null","null","null","null","null","null","17"
"13418","1","1","2","0","1","0","0","0","0","1","0","3"
"13418","1","4","1","0","0","null","null","null","null","null","null","3"
"13418","1","0","2","0","1","0","0","0","0","1","0","4"
"13418","1","1","3","1","1","0","0","0","0","1","0","2"
"13418","1","1","2","1","1","1","0","0","0","0","0","3"
"13418","2","0","2","0","0","null","null","null","null","null","null","4"
"13418","1","3","2","1","1","0","0","1","0","0","1","2"
"13418","1","0","1","1","1","0","0","0","0","1","1","2"
"13418","1","2","1","1","0","null","null","null","null","null","null","16"
"13418","2","3","3","1","0","null","null","null","null","null","null","29"
"13418","1","1","2","0","0","null","null","null","null","null","null","61"
"13418","1","3","1","0","0","null","null","null","null","null","null","78"
"13418","2","1","3","0","0","null","null","null","null","null","null","17"
"13418","2","3","2","0","1","0","0","0","0","1","0","3"
"13418","2","1","2","0","0","null","null","null","null","null","null","17"
"13418","1","3","2","1","1","0","0","0","0","1","1","2"
"13418","1","0","3","0","0","null","null","null","null","null","null","48"
"13418","1","1","1","0","0","null","null","null","null","null","null","92"
"13418","1","3","2","1","0","null","null","null","null","null","null","91"
"13418","2","1","1","0","0","null","null","null","null","null","null","13"
"13418","2","1","3","1","0","null","null","null","null","null","null","8"
"13418","1","0","3","0","1","0","0","0","0","1","0","2"
"13418","1","1","1","1","1","1","0","0","0","0","0","2"
"13418","1","1","1","1","1","0","0","0","0","1","0","2"
"13418","1","0","1","1","0","null","null","null","null","null","null","26"
"13418","2","3","1","1","0","null","null","null","null","null","null","25"
"13418","1","1","1","0","1","0","0","0","0","1","0","5"
"13418","1","2","1","0","0","null","null","null","null","null","null","11"
"13418","2","0","1","0","0","null","null","null","null","null","null","9"
"13418","1","3","3","0","1","0","0","0","0","1","0","4"
"13418","1","2","3","0","1","1","0","0","0","0","0","2"
"13418","2","1","2","0","1","0","0","0","0","1","0","2"
"13418","2","4","2","0","1","0","0","0","0","1","0","2"
"13418","1","3","1","1","0","null","null","null","null","null","null","125"
"13418","2","3","3","0","0","null","null","null","null","null","null","26"
"13418","1","3","2","0","1","0","0","0","0","0","1","4"
"13418","1","2","3","1","0","null","null","null","null","null","null","18"
"13418","1","1","2","1","1","0","0","0","0","1","0","3"
"13418","2","2","1","1","0","null","null","null","null","null","null","3"
"13418","2","2","1","0","0","null","null","null","null","null","null","2"
"13418","1","3","3","1","0","null","null","null","null","null","null","122"
"13418","2","3","2","0","0","null","null","null","null","null","null","15"
"13418","1","2","2","1","0","null","null","null","null","null","null","8"
"13418","1","4","2","0","0","null","null","null","null","null","null","6"
"13418","2","3","1","0","0","null","null","null","null","null","null","9"
"13418","1","3","3","1","1","0","0","0","0","1","0","5"
"13418","1","3","1","1","1","1","0","0","0","0","0","3"
"13418","1","4","3","0","0","null","null","null","null","null","null","4"
"13418","1","3","2","1","1","0","0","0","0","0","1","2"
"13418","1","1","3","0","0","null","null","null","null","null","null","69"
"13418","1","1","1","1","0","null","null","null","null","null","null","21"
"13418","1","2","2","0","0","null","null","null","null","null","null","7"
"13418","1","1","1","0","1","0","0","0","0","0","1","2"
"13418","1","3","1","0","1","0","0","1","0","0","0","2"
"13418","2","2","2","0","0","null","null","null","null","null","null","2"
"13418","1","3","2","0","0","null","null","null","null","null","null","85"
"13418","1","3","2","1","1","1","0","0","0","0","0","7"
"13418","1","5","3","0","0","null","null","null","null","null","null","2"
"13418","1","3","3","0","1","1","0","0","0","0","0","2"
"13418","1","0","2","1","1","1","0","0","0","0","0","3"
"13418","2","2","3","1","0","null","null","null","null","null","null","2"
"13418","1","1","3","0","1","0","0","0","0","1","1","2"
"13418","1","0","2","0","0","null","null","null","null","null","null","58"
"13418","2","2","3","0","0","null","null","null","null","null","null","6"
"13418","1","3","3","1","1","0","0","0","0","0","1","2"
"13418","1","2","1","1","1","1","0","0","0","0","0","2"
"13418","1","3","3","1","1","1","0","0","0","0","0","9"
"13418","2","2","2","1","0","null","null","null","null","null","null","3"
"13418","1","0","2","1","0","null","null","null","null","null","null","24"
"13418","2","0","1","1","0","null","null","null","null","null","null","3"
"13418","1","1","3","0","1","1","0","0","0","0","0","2"
"13418","1","1","2","0","1","0","0","0","0","0","1","2"
"13418","1","3","2","1","1","0","0","0","0","1","0","2"
"13418","1","3","2","0","1","0","0","0","0","1","0","2"
"13421","1","0","4","1","0","null","null","null","null","null","null","17"
"13421","2","3","4","1","1","0","0","0","0","1","0","3"
"13421","2","2","4","0","1","0","0","0","0","1","0","2"
"13421","2","1","4","0","1","0","0","0","0","1","1","2"
"13421","1","0","4","0","0","null","null","null","null","null","null","49"
"13421","2","1","4","0","0","null","null","null","null","null","null","24"
"13421","2","1","4","1","0","null","null","null","null","null","null","17"
"13421","1","3","4","1","1","1","1","0","0","0","0","3"
"13421","2","2","4","1","1","0","0","0","0","1","0","2"
"13421","1","1","4","0","0","null","null","null","null","null","null","66"
"13421","1","2","4","0","0","null","null","null","null","null","null","3"
"13421","2","2","4","0","0","null","null","null","null","null","null","2"
"13421","2","3","4","0","1","0","0","0","0","1","0","2"
"13421","1","0","4","1","1","1","0","0","0","0","0","2"
"13421","1","1","4","1","1","0","0","0","0","1","0","2"
"13421","1","3","4","0","0","null","null","null","null","null","null","50"
"13421","2","3","4","0","1","1","1","0","0","1","1","2"
"13421","2","1","4","0","1","0","0","1","0","0","0","2"
"13421","2","3","4","1","1","1","1","0","0","0","0","3"
"13421","1","3","4","1","1","1","0","0","0","0","0","19"
"13421","2","3","4","1","1","1","0","0","0","0","0","8"
"13421","1","3","4","1","1","0","0","0","0","1","0","6"
"13421","2","1","4","1","1","1","0","0","0","0","0","2"
"13421","1","3","4","1","0","null","null","null","null","null","null","68"
"13421","2","3","4","1","0","null","null","null","null","null","null","39"
"13421","2","0","4","0","0","null","null","null","null","null","null","28"
"13421","1","1","4","1","0","null","null","null","null","null","null","20"
"13421","2","0","4","1","0","null","null","null","null","null","null","6"
"13421","2","1","4","0","1","0","0","0","0","0","1","2"
"13421","2","1","4","0","1","1","0","0","0","0","0","2"
"13421","2","4","4","0","0","null","null","null","null","null","null","0"
"13421","1","1","4","0","1","1","0","1","0","0","0","2"
"13421","1","3","4","0","1","0","0","1","0","0","0","2"
"13421","1","0","4","0","1","1","0","0","0","0","0","2"
"13421","1","4","4","1","0","null","null","null","null","null","null","2"
"13421","2","3","4","0","0","null","null","null","null","null","null","30"
"13421","1","2","4","1","0","null","null","null","null","null","null","3"
"13421","1","3","4","0","1","1","0","0","0","0","0","3"
"13421","1","1","4","0","1","0","0","0","0","0","1","4"
"13421","1","1","4","1","1","1","0","0","0","0","0","6"
"13421","1","1","4","0","1","0","0","0","0","1","0","2"
"13421","1","1","4","1","1","1","0","0","0","0","1","2"
"13422","2","1","4","1","0","null","null","null","null","null","null","7"
"13422","1","1","4","0","0","null","null","null","null","null","null","49"
"13422","1","3","4","1","1","1","1","0","0","0","0","5"
"13422","1","0","4","1","0","null","null","null","null","null","null","9"
"13422","2","3","4","1","0","null","null","null","null","null","null","19"
"13422","1","0","4","0","0","null","null","null","null","null","null","33"
"13422","1","1","4","1","0","null","null","null","null","null","null","19"
"13422","2","0","4","0","0","null","null","null","null","null","null","12"
"13422","1","1","4","0","1","1","0","0","0","0","1","2"
"13422","2","2","4","1","0","null","null","null","null","null","null","3"
"13422","2","3","4","1","1","1","0","0","0","1","0","2"
"13422","1","0","4","1","1","1","0","0","0","0","0","2"
"13422","1","1","4","0","1","0","0","0","0","1","0","10"
"13422","2","1","4","0","0","null","null","null","null","null","null","15"
"13422","2","1","4","1","1","0","0","0","0","1","0","3"
"13422","2","3","4","1","1","0","0","0","0","1","0","2"
"13422","1","1","4","1","1","0","0","0","0","1","0","4"
"13422","1","2","4","0","0","null","null","null","null","null","null","5"
"13422","1","3","4","0","1","0","0","0","0","0","1","3"
"13422","1","2","4","1","0","null","null","null","null","null","null","9"
"13422","1","1","4","1","1","1","1","0","0","0","0","2"
"13422","2","2","4","0","0","null","null","null","null","null","null","2"
"13422","1","0","4","0","1","0","0","0","0","1","0","3"
"13422","1","3","4","1","1","1","0","0","0","0","0","8"
"13422","2","3","4","1","1","1","1","0","0","0","0","2"
"13422","1","3","4","1","1","1","0","0","0","1","0","2"
"13422","1","3","4","0","0","null","null","null","null","null","null","37"
"13422","2","3","4","0","0","null","null","null","null","null","null","17"
"13422","1","1","4","1","1","1","0","0","0","0","0","3"
"13422","1","3","4","1","0","null","null","null","null","null","null","54"
"13422","1","3","4","0","1","0","0","0","0","1","0","4"
"13422","1","3","4","1","1","0","0","0","0","1","0","5"
"13422","1","2","4","1","1","1","1","0","0","0","0","2"
"13423","1","3","2","0","1","0","1","0","0","0","0","2"
"13423","2","0","2","1","0","null","null","null","null","null","null","12"
"13423","2","5","2","0","0","null","null","null","null","null","null","3"
"13423","2","3","2","1","0","null","null","null","null","null","null","77"
"13423","1","0","2","0","0","null","null","null","null","null","null","13"
"13423","2","2","2","1","0","null","null","null","null","null","null","13"
"13423","1","0","2","1","0","null","null","null","null","null","null","2"
"13423","1","1","2","0","0","null","null","null","null","null","null","15"
"13423","2","0","2","0","0","null","null","null","null","null","null","30"
"13423","1","1","2","1","0","null","null","null","null","null","null","8"
"13423","1","3","2","0","0","null","null","null","null","null","null","25"
"13423","1","2","2","1","0","null","null","null","null","null","null","2"
"13423","2","2","2","0","0","null","null","null","null","null","null","16"
"13423","2","3","2","1","1","1","0","0","0","0","0","7"
"13423","2","1","2","0","0","null","null","null","null","null","null","49"
"13423","2","3","2","0","0","null","null","null","null","null","null","57"
"13423","1","3","2","1","0","null","null","null","null","null","null","26"
"13423","2","3","2","0","1","0","0","0","0","1","0","2"
"13423","2","1","2","1","0","null","null","null","null","null","null","21"
"13423","1","2","2","0","0","null","null","null","null","null","null","11"
"13423","2","1","2","0","1","0","0","0","0","1","0","2"
"13424","2","1","4","1","1","1","0","0","0","0","0","5"
"13424","2","3","4","1","1","1","0","0","0","0","1","3"
"13424","1","0","4","1","1","0","0","0","0","1","0","3"
"13424","1","1","4","1","0","null","null","null","null","null","null","33"
"13424","1","1","4","0","0","null","null","null","null","null","null","63"
"13424","1","3","4","1","1","1","0","0","0","0","0","6"
"13424","2","1","4","0","1","0","0","0","0","1","1","2"
"13424","2","1","4","0","1","0","1","0","0","0","0","2"
"13424","2","1","4","1","1","0","0","0","0","1","0","3"
"13424","1","1","4","1","1","1","0","0","0","0","0","2"
"13424","2","3","4","1","1","0","0","0","0","0","1","4"
"13424","2","2","4","1","0","null","null","null","null","null","null","7"
"13424","1","1","4","0","1","0","0","1","0","0","0","2"
"13424","1","3","4","0","1","0","0","0","0","1","0","12"
"13424","1","3","4","1","0","null","null","null","null","null","null","74"
"13424","1","3","4","1","1","0","0","1","0","0","0","2"
"13424","2","0","4","0","1","0","0","0","0","1","0","4"
"13424","1","3","4","0","0","null","null","null","null","null","null","25"
"13424","2","4","4","0","0","null","null","null","null","null","null","2"
"13424","1","3","4","1","1","1","0","0","0","1","0","2"
"13424","2","0","4","0","1","0","0","1","0","0","0","2"
"13424","2","1","4","0","0","null","null","null","null","null","null","97"
"13424","2","1","4","0","1","0","0","0","0","1","0","29"
"13424","1","3","4","1","1","1","1","0","0","0","0","2"
"13424","2","3","4","0","1","0","0","0","0","1","0","8"
"13424","2","3","4","1","0","null","null","null","null","null","null","93"
"13424","2","0","4","1","0","null","null","null","null","null","null","17"
"13424","2","3","4","1","1","0","0","0","0","1","0","7"
"13424","2","3","4","1","1","1","1","0","0","0","0","2"
"13424","1","3","4","1","1","0","0","0","0","0","1","4"
"13424","2","1","4","0","1","0","0","1","0","0","0","2"
"13424","2","2","4","0","0","null","null","null","null","null","null","6"
"13424","1","0","4","1","0","null","null","null","null","null","null","16"
"13424","1","1","4","0","1","0","0","0","0","1","1","3"
"13424","1","1","4","0","1","0","0","0","0","1","0","15"
"13424","2","3","4","1","1","1","0","0","0","0","0","12"
"13424","1","1","4","0","1","0","0","0","0","0","1","4"
"13424","2","1","4","1","1","0","0","0","0","1","1","2"
"13424","1","0","4","0","0","null","null","null","null","null","null","38"
"13424","1","0","4","0","1","0","0","0","0","1","0","6"
"13424","2","0","4","0","0","null","null","null","null","null","null","46"
"13424","1","1","4","1","1","0","0","0","0","1","0","6"
"13424","2","0","4","0","1","0","0","0","0","1","1","2"
"13424","1","2","4","0","0","null","null","null","null","null","null","5"
"13424","2","3","4","0","0","null","null","null","null","null","null","49"
"13424","1","0","4","0","1","1","0","0","0","0","0","2"
"13424","1","3","4","0","1","0","0","0","0","0","1","2"
"13424","1","2","4","1","1","0","0","0","0","1","0","2"
"13424","2","1","4","1","0","null","null","null","null","null","null","29"
"13424","2","1","4","1","1","0","0","1","0","0","1","2"
"13424","1","3","4","1","1","0","0","0","0","1","0","7"
"13424","2","1","4","0","1","0","0","0","0","0","1","3"
"13424","1","1","4","1","1","1","0","0","0","1","0","3"
"13425","1","1","4","0","0","null","null","null","null","null","null","63"
"13425","1","1","4","1","0","null","null","null","null","null","null","26"
"13425","1","0","4","1","1","1","0","0","0","0","0","4"
"13425","1","0","4","1","0","null","null","null","null","null","null","15"
"13425","2","1","4","1","0","null","null","null","null","null","null","9"
"13425","1","1","4","0","1","0","0","0","0","1","0","8"
"13425","2","3","4","0","0","null","null","null","null","null","null","17"
"13425","1","3","4","1","1","1","0","0","0","0","0","6"
"13425","1","1","4","1","1","1","0","0","0","0","0","3"
"13425","1","3","4","0","1","0","0","0","0","1","0","5"
"13425","1","2","4","0","0","null","null","null","null","null","null","2"
"13425","1","3","4","1","1","0","0","0","0","1","0","5"
"13425","1","3","4","1","0","null","null","null","null","null","null","58"
"13425","1","3","4","0","0","null","null","null","null","null","null","33"
"13425","1","1","4","0","1","0","0","0","0","0","1","2"
"13425","1","0","4","0","0","null","null","null","null","null","null","49"
"13425","1","2","4","1","0","null","null","null","null","null","null","7"
"13425","2","2","4","0","0","null","null","null","null","null","null","3"
"13425","2","1","4","0","1","0","0","0","0","1","0","4"
"13425","2","1","4","0","0","null","null","null","null","null","null","26"
"13425","2","2","4","1","0","null","null","null","null","null","null","5"
"13425","1","3","4","1","1","1","0","0","0","0","1","2"
"13425","1","0","4","0","1","0","0","0","0","1","0","3"
"13425","2","0","4","0","0","null","null","null","null","null","null","15"
"13425","2","3","4","1","1","1","0","0","0","0","0","2"
"13425","1","1","4","1","1","0","0","0","0","1","0","3"
"13425","2","4","4","0","0","null","null","null","null","null","null","2"
"13425","2","3","4","1","0","null","null","null","null","null","null","20"
"13425","2","0","4","1","0","null","null","null","null","null","null","7"
"13426","2","3","4","1","0","null","null","null","null","null","null","36"
"13426","1","0","4","0","1","0","0","0","0","1","0","5"
"13426","1","3","4","1","1","1","0","0","0","0","0","7"
"13426","1","1","4","1","1","0","0","0","0","1","0","3"
"13426","2","3","4","1","1","1","1","0","0","0","0","2"
"13426","1","1","4","0","0","null","null","null","null","null","null","62"
"13426","1","3","4","0","1","0","0","0","0","1","0","2"
"13426","1","3","4","0","1","0","0","0","0","0","1","3"
"13426","2","0","4","1","0","null","null","null","null","null","null","5"
"13426","2","1","4","0","1","0","0","0","0","1","0","5"
"13426","2","3","4","0","0","null","null","null","null","null","null","26"
"13426","2","3","4","0","1","0","0","0","0","1","0","4"
"13426","2","1","4","0","0","null","null","null","null","null","null","33"
"13426","2","2","4","1","0","null","null","null","null","null","null","3"
"13426","1","2","4","0","0","null","null","null","null","null","null","6"
"13426","2","1","4","0","1","1","0","0","0","0","0","2"
"13426","2","3","4","1","1","0","0","0","0","1","0","3"
"13426","2","1","4","1","0","null","null","null","null","null","null","12"
"13426","1","3","4","1","1","1","0","1","0","0","0","2"
"13426","1","1","4","1","1","1","0","0","0","0","0","3"
"13426","2","0","4","0","0","null","null","null","null","null","null","15"
"13426","2","3","4","1","1","1","0","0","0","0","0","5"
"13426","1","0","4","0","1","0","0","1","0","0","1","2"
"13426","1","3","4","0","0","null","null","null","null","null","null","34"
"13426","1","3","4","1","1","0","0","0","0","1","0","10"
"13426","1","3","4","0","1","0","0","1","0","0","1","3"
"13426","2","2","4","0","0","null","null","null","null","null","null","2"
"13426","1","0","4","1","0","null","null","null","null","null","null","6"
"13426","1","1","4","0","1","0","0","0","0","0","1","3"
"13426","1","1","4","1","0","null","null","null","null","null","null","8"
"13426","2","0","4","0","1","0","0","0","0","1","0","2"
"13426","2","3","4","0","1","1","0","0","0","0","0","2"
"13426","1","3","4","1","0","null","null","null","null","null","null","47"
"13426","1","4","4","0","0","null","null","null","null","null","null","3"
"13426","2","1","4","0","1","0","0","1","0","0","0","2"
"13426","2","3","4","1","1","1","0","0","0","1","0","2"
"13426","1","0","4","0","0","null","null","null","null","null","null","31"
"13427","1","3","4","1","1","1","0","0","0","0","0","12"
"13427","1","0","4","0","0","null","null","null","null","null","null","40"
"13427","1","3","4","0","1","0","0","0","0","1","0","4"
"13427","2","1","4","1","0","null","null","null","null","null","null","16"
"13427","1","2","4","0","0","null","null","null","null","null","null","3"
"13427","2","3","4","1","0","null","null","null","null","null","null","39"
"13427","1","2","4","1","0","null","null","null","null","null","null","3"
"13427","1","0","4","1","0","null","null","null","null","null","null","9"
"13427","1","1","4","0","1","0","0","0","0","0","1","3"
"13427","2","3","4","0","0","null","null","null","null","null","null","16"
"13427","1","1","4","0","0","null","null","null","null","null","null","73"
"13427","1","3","4","1","1","0","0","0","0","1","0","4"
"13427","2","0","4","1","0","null","null","null","null","null","null","3"
"13427","1","2","4","1","1","1","0","0","0","0","0","2"
"13427","1","3","4","0","0","null","null","null","null","null","null","34"
"13427","2","1","4","0","1","0","0","0","0","0","1","2"
"13427","1","3","4","1","0","null","null","null","null","null","null","54"
"13427","2","1","4","0","0","null","null","null","null","null","null","23"
"13427","2","2","4","0","0","null","null","null","null","null","null","4"
"13427","2","0","4","0","0","null","null","null","null","null","null","14"
"13427","1","3","4","1","1","0","0","0","0","0","1","1"
"13427","1","1","4","1","0","null","null","null","null","null","null","13"
"13427","2","3","4","1","1","0","0","0","0","1","0","3"
"13427","1","1","4","0","1","0","0","0","0","1","0","7"
"13427","2","2","4","1","0","null","null","null","null","null","null","2"
"13427","2","3","4","1","1","1","0","0","0","0","0","10"
"13428","1","0","4","0","0","null","null","null","null","null","null","30"
"13428","1","0","4","0","1","0","0","0","0","1","0","2"
"13428","1","1","4","0","0","null","null","null","null","null","null","22"
"13428","2","0","4","0","0","null","null","null","null","null","null","13"
"13428","1","0","4","1","0","null","null","null","null","null","null","3"
"13428","1","1","4","1","0","null","null","null","null","null","null","20"
"13428","1","3","4","0","0","null","null","null","null","null","null","20"
"13428","1","1","4","1","1","1","0","0","0","0","0","2"
"13428","1","3","4","1","0","null","null","null","null","null","null","34"
"13428","2","1","4","1","0","null","null","null","null","null","null","8"
"13428","2","3","4","0","1","1","0","0","0","0","0","2"
"13428","1","1","4","0","1","0","0","0","0","1","0","2"
"13428","1","3","4","1","1","0","0","0","0","1","0","2"
"13428","2","3","4","1","1","0","0","0","0","1","0","2"
"13428","1","3","4","1","1","1","0","0","0","0","0","6"
"13428","1","2","4","0","0","null","null","null","null","null","null","2"
"13428","2","1","4","0","0","null","null","null","null","null","null","24"
"13428","2","0","4","1","0","null","null","null","null","null","null","3"
"13428","2","4","4","0","0","null","null","null","null","null","null","2"
"13428","2","3","4","0","0","null","null","null","null","null","null","15"
"13428","2","2","4","0","0","null","null","null","null","null","null","4"
"13428","2","3","4","1","1","1","0","0","0","0","0","3"
"13428","2","3","4","1","0","null","null","null","null","null","null","27"
"13428","1","3","4","0","1","0","0","0","0","1","0","2"
"13429","1","2","4","0","0","null","null","null","null","null","null","4"
"13429","1","3","4","1","1","1","0","0","0","0","0","4"
"13429","1","0","4","0","0","null","null","null","null","null","null","18"
"13429","1","1","4","0","0","null","null","null","null","null","null","27"
"13429","2","0","4","1","0","null","null","null","null","null","null","12"
"13429","2","3","4","1","1","1","1","0","0","0","0","3"
"13429","2","1","4","0","1","0","0","1","0","0","0","2"
"13429","2","3","4","0","1","0","0","0","0","0","1","3"
"13429","1","3","4","0","0","null","null","null","null","null","null","25"
"13429","1","3","4","1","1","1","1","0","0","0","0","3"
"13429","2","0","4","1","1","1","0","0","0","0","0","2"
"13429","2","0","4","0","0","null","null","null","null","null","null","52"
"13429","2","4","4","0","0","null","null","null","null","null","null","3"
"13429","2","2","4","1","0","null","null","null","null","null","null","8"
"13429","2","3","4","1","0","null","null","null","null","null","null","81"
"13429","2","1","4","0","0","null","null","null","null","null","null","102"
"13429","1","0","4","1","0","null","null","null","null","null","null","6"
"13429","2","3","4","0","1","0","0","0","0","1","0","3"
"13429","2","1","4","0","1","0","0","0","0","0","1","5"
"13429","2","3","4","1","1","0","0","0","0","1","0","3"
"13429","1","2","4","1","0","null","null","null","null","null","null","4"
"13429","2","1","4","0","1","0","0","0","0","1","0","3"
"13429","2","1","4","1","0","null","null","null","null","null","null","19"
"13429","1","1","4","1","0","null","null","null","null","null","null","14"
"13429","2","0","4","0","1","0","0","0","0","1","0","3"
"13429","1","1","4","0","1","0","0","0","0","1","1","2"
"13429","2","3","4","0","1","1","0","0","0","0","0","3"
"13429","2","0","4","1","1","0","0","0","0","1","0","2"
"13429","2","3","4","1","1","1","0","0","0","0","0","6"
"13429","2","1","4","1","1","1","0","0","0","0","0","4"
"13429","1","3","4","1","0","null","null","null","null","null","null","47"
"13429","2","3","4","0","0","null","null","null","null","null","null","54"
"13429","2","3","4","1","1","0","0","0","0","1","1","2"
"13429","1","3","4","0","1","0","0","0","0","1","1","2"
"13429","2","2","4","0","0","null","null","null","null","null","null","9"
"13429","2","3","4","1","1","0","0","0","0","0","1","2"
"13430","2","0","4","0","0","null","null","null","null","null","null","72"
"13430","2","3","4","1","1","0","0","0","0","0","1","4"
"13430","2","1","4","1","1","0","0","0","0","0","1","2"
"13430","2","2","4","0","0","null","null","null","null","null","null","16"
"13430","2","1","4","1","0","null","null","null","null","null","null","44"
"13430","1","3","4","1","1","1","0","0","0","0","0","6"
"13430","1","4","4","0","0","null","null","null","null","null","null","2"
"13430","2","3","4","0","1","1","1","0","0","0","0","3"
"13430","2","0","4","0","1","1","0","0","0","0","0","2"
"13430","1","2","4","0","0","null","null","null","null","null","null","4"
"13430","2","3","4","1","0","null","null","null","null","null","null","116"
"13430","1","0","4","0","0","null","null","null","null","null","null","16"
"13430","1","3","4","0","1","0","0","0","0","1","0","2"
"13430","2","2","4","1","0","null","null","null","null","null","null","12"
"13430","1","3","4","1","0","null","null","null","null","null","null","22"
"13430","2","3","4","1","1","1","0","0","0","0","0","14"
"13430","2","3","4","0","1","0","0","0","0","1","0","5"
"13430","2","1","4","1","1","0","0","0","0","1","0","2"
"13430","1","1","4","1","0","null","null","null","null","null","null","3"
"13430","2","3","4","0","0","null","null","null","null","null","null","76"
"13430","1","1","4","0","0","null","null","null","null","null","null","14"
"13430","1","3","4","0","0","null","null","null","null","null","null","16"
"13430","1","0","4","1","0","null","null","null","null","null","null","6"
"13430","2","1","4","0","0","null","null","null","null","null","null","130"
"13430","2","1","4","0","1","1","0","0","0","0","0","2"
"13430","2","1","4","0","1","0","0","0","0","0","1","2"
"13430","2","3","4","1","1","1","1","0","0","0","0","16"
"13430","2","0","4","1","0","null","null","null","null","null","null","17"
"13430","2","0","4","1","1","1","0","0","0","0","0","3"
"13430","2","1","4","1","1","1","0","0","0","0","0","6"
"13430","2","4","4","0","0","null","null","null","null","null","null","2"
"13430","2","2","4","0","1","1","1","0","0","0","1","2"
"13430","2","1","4","1","1","1","1","0","0","0","0","2"
"13430","2","3","4","0","1","0","0","0","0","0","1","2"
"13430","2","4","4","1","1","1","0","0","0","0","0","2"
"13431","2","3","4","1","0","null","null","null","null","null","null","29"
"13431","1","2","4","0","0","null","null","null","null","null","null","3"
"13431","2","0","4","1","0","null","null","null","null","null","null","5"
"13431","2","1","4","0","1","0","0","0","0","1","0","2"
"13431","1","3","4","0","0","null","null","null","null","null","null","13"
"13431","2","3","4","0","0","null","null","null","null","null","null","18"
"13431","2","1","4","0","0","null","null","null","null","null","null","24"
"13431","1","1","4","0","0","null","null","null","null","null","null","27"
"13431","2","3","4","1","1","1","0","0","0","0","1","2"
"13431","2","1","4","1","0","null","null","null","null","null","null","9"
"13431","2","1","4","1","1","1","1","0","0","0","0","2"
"13431","2","3","4","1","1","1","1","0","0","0","0","3"
"13431","1","1","4","0","1","1","0","0","0","0","0","2"
"13431","2","0","4","0","0","null","null","null","null","null","null","12"
"13431","2","3","4","1","1","0","0","0","0","1","0","3"
"13431","2","3","4","1","1","1","0","0","0","0","0","4"
"13431","1","3","4","1","1","1","0","0","0","0","0","7"
"13431","1","1","4","1","0","null","null","null","null","null","null","5"
"13431","1","0","4","0","0","null","null","null","null","null","null","22"
"13431","1","3","4","0","1","1","1","0","0","0","0","2"
"13431","1","0","4","1","0","null","null","null","null","null","null","2"
"13431","1","3","4","1","0","null","null","null","null","null","null","30"
"13454","1","3","4","1","1","1","0","0","0","0","0","2"
"13454","1","0","4","1","1","0","0","0","0","1","0","2"
"13454","2","1","4","1","1","0","0","0","0","1","0","3"
"13454","2","1","4","0","0","null","null","null","null","null","null","44"
"13454","2","2","4","0","0","null","null","null","null","null","null","5"
"13454","2","1","4","0","1","0","0","0","0","1","0","3"
"13454","1","3","4","0","1","0","0","0","0","1","0","4"
"13454","1","3","4","0","0","null","null","null","null","null","null","20"
"13454","2","3","4","0","1","1","0","0","0","0","0","3"
"13454","1","3","4","1","1","0","0","0","0","1","1","2"
"13454","2","0","4","1","0","null","null","null","null","null","null","7"
"13454","2","3","4","0","0","null","null","null","null","null","null","50"
"13454","1","3","4","0","1","1","0","0","0","0","0","2"
"13454","2","3","4","1","1","1","0","0","0","0","0","6"
"13454","2","0","4","0","0","null","null","null","null","null","null","31"
"13454","2","1","4","1","0","null","null","null","null","null","null","16"
"13454","1","0","4","0","0","null","null","null","null","null","null","23"
"13454","1","0","4","1","0","null","null","null","null","null","null","4"
"13454","1","2","4","1","0","null","null","null","null","null","null","7"
"13454","1","1","4","0","1","0","0","0","0","1","0","4"
"13454","2","3","4","0","1","0","0","0","0","1","0","8"
"13454","2","5","4","1","0","null","null","null","null","null","null","3"
"13454","2","3","4","1","1","0","0","0","0","1","0","5"
"13454","1","3","4","1","1","0","0","0","0","1","0","9"
"13454","1","1","4","1","0","null","null","null","null","null","null","8"
"13454","1","3","4","1","0","null","null","null","null","null","null","36"
"13454","2","2","4","1","0","null","null","null","null","null","null","6"
"13454","1","4","4","0","0","null","null","null","null","null","null","2"
"13454","1","1","4","0","0","null","null","null","null","null","null","16"
"13454","2","3","4","1","0","null","null","null","null","null","null","65"
"13454","2","0","4","0","1","0","0","0","0","1","0","2"
"13454","2","3","4","0","1","0","0","1","0","0","1","2"
"13455","1","3","4","0","1","1","0","0","0","0","0","11"
"13455","2","0","4","0","0","null","null","null","null","null","null","13"
"13455","1","1","3","1","0","null","null","null","null","null","null","6"
"13455","1","0","4","0","1","1","0","0","0","0","0","3"
"13455","2","3","4","1","1","1","1","0","0","0","0","3"
"13455","2","3","4","1","0","null","null","null","null","null","null","23"
"13455","1","0","4","1","0","null","null","null","null","null","null","5"
"13455","1","3","4","1","1","1","0","0","0","0","0","11"
"13455","2","1","4","0","1","1","1","0","0","0","0","2"
"13455","2","1","4","0","1","1","0","0","0","0","0","2"
"13455","2","3","3","1","0","null","null","null","null","null","null","40"
"13455","1","0","3","1","0","null","null","null","null","null","null","6"
"13455","2","1","3","1","0","null","null","null","null","null","null","2"
"13455","2","3","4","1","1","1","0","0","0","0","0","11"
"13455","2","1","4","0","0","null","null","null","null","null","null","14"
"13455","1","4","3","0","0","null","null","null","null","null","null","2"
"13455","1","1","3","0","0","null","null","null","null","null","null","14"
"13455","1","3","3","0","0","null","null","null","null","null","null","17"
"13455","2","1","3","0","1","1","0","0","0","0","0","3"
"13455","2","3","4","0","1","0","0","0","0","0","1","2"
"13455","2","3","4","0","1","1","0","0","0","0","0","2"
"13455","1","3","3","1","0","null","null","null","null","null","null","31"
"13455","1","1","4","1","1","1","0","0","0","0","0","4"
"13455","1","0","3","0","0","null","null","null","null","null","null","13"
"13455","2","0","3","0","1","1","0","0","0","0","0","2"
"13455","1","1","4","0","0","null","null","null","null","null","null","9"
"13455","2","3","3","1","1","0","0","0","0","0","1","2"
"13455","1","3","4","1","0","null","null","null","null","null","null","22"
"13455","1","3","4","0","0","null","null","null","null","null","null","16"
"13455","2","3","3","0","0","null","null","null","null","null","null","29"
"13455","1","3","4","0","1","1","0","0","0","0","1","2"
"13455","2","4","3","0","0","null","null","null","null","null","null","2"
"13455","2","1","4","1","0","null","null","null","null","null","null","3"
"13455","2","2","3","0","0","null","null","null","null","null","null","2"
"13455","1","1","4","0","1","0","0","0","0","1","0","2"
"13455","1","1","4","1","0","null","null","null","null","null","null","2"
"13455","2","0","3","0","0","null","null","null","null","null","null","12"
"13455","1","0","4","0","0","null","null","null","null","null","null","9"
"13455","2","1","3","0","0","null","null","null","null","null","null","17"
"13455","2","3","4","0","0","null","null","null","null","null","null","8"
"13455","2","0","3","1","0","null","null","null","null","null","null","6"
"13455","1","2","3","0","0","null","null","null","null","null","null","3"
"13455","2","3","3","1","1","1","0","0","0","0","0","7"
"13455","1","3","3","1","1","1","0","0","0","0","0","6"
"13455","1","4","4","0","1","1","0","0","0","0","0","2"
"13455","2","2","4","0","0","null","null","null","null","null","null","3"
"13455","1","3","3","0","1","1","0","0","0","0","0","2"
"13455","1","1","4","0","1","1","0","0","0","0","0","2"
"13457","2","1","4","0","0","null","null","null","null","null","null","6"
"13457","2","3","4","0","1","1","0","0","0","0","0","10"
"13457","2","1","4","0","1","1","0","0","0","0","1","3"
"13457","2","0","4","1","0","null","null","null","null","null","null","2"
"13457","2","3","4","1","0","null","null","null","null","null","null","12"
"13457","1","1","4","0","0","null","null","null","null","null","null","5"
"13457","2","3","4","0","0","null","null","null","null","null","null","10"
"13457","1","1","4","0","1","1","0","0","0","0","0","3"
"13457","1","0","4","0","0","null","null","null","null","null","null","2"
"13457","1","3","4","1","1","1","0","0","0","0","0","7"
"13457","1","4","4","0","0","null","null","null","null","null","null","2"
"13457","1","2","4","1","1","1","0","0","0","0","0","3"
"13457","2","0","4","0","0","null","null","null","null","null","null","6"
"13457","1","3","4","0","0","null","null","null","null","null","null","12"
"13457","2","3","4","1","1","1","0","0","0","0","1","2"
"13457","1","3","4","1","0","null","null","null","null","null","null","10"
"13457","2","1","4","0","1","1","0","0","0","0","0","3"
"13457","2","0","4","0","1","1","0","0","0","0","0","2"
"13457","2","3","4","1","1","1","0","0","0","0","0","11"
"13457","2","1","4","1","0","null","null","null","null","null","null","2"
"13457","2","2","4","1","0","null","null","null","null","null","null","2"
"13457","1","3","4","0","1","1","0","0","0","0","0","6"
"13457","2","5","4","0","1","1","0","0","0","0","0","2"
"13459","1","1","1","0","0","null","null","null","null","null","null","34"
"13459","1","0","1","0","0","null","null","null","null","null","null","14"
"13459","1","1","1","0","1","0","0","0","0","0","1","3"
"13459","2","1","1","1","0","null","null","null","null","null","null","5"
"13459","1","5","1","1","0","null","null","null","null","null","null","2"
"13459","1","0","1","1","0","null","null","null","null","null","null","8"
"13459","2","1","1","0","0","null","null","null","null","null","null","13"
"13459","1","1","1","1","0","null","null","null","null","null","null","10"
"13459","2","0","1","0","0","null","null","null","null","null","null","5"
"13459","2","2","1","0","0","null","null","null","null","null","null","5"
"13459","1","3","1","0","0","null","null","null","null","null","null","21"
"13459","2","3","1","1","0","null","null","null","null","null","null","20"
"13459","2","0","1","1","0","null","null","null","null","null","null","3"
"13459","2","2","1","1","1","1","1","0","0","0","0","2"
"13459","1","1","1","1","1","1","0","0","0","0","0","4"
"13459","2","3","1","1","1","1","0","0","0","0","0","4"
"13459","1","2","1","0","0","null","null","null","null","null","null","6"
"13459","2","3","1","0","0","null","null","null","null","null","null","19"
"13459","1","3","1","1","0","null","null","null","null","null","null","38"
"13459","1","2","1","1","0","null","null","null","null","null","null","3"
"13459","1","3","1","1","1","1","0","0","0","0","0","4"
"13459","1","0","1","0","1","0","0","0","0","1","0","2"
"19562","1","1","3","1","0","null","null","null","null","null","null","17"
"19562","2","3","3","1","0","null","null","null","null","null","null","46"
"19562","2","1","3","0","1","0","0","0","0","1","0","3"
"19562","2","3","3","1","1","1","0","0","0","0","0","2"
"19562","1","2","3","1","1","1","0","0","0","0","0","2"
"19562","2","2","3","0","0","null","null","null","null","null","null","6"
"19562","1","3","3","1","0","null","null","null","null","null","null","51"
"19562","1","0","3","0","0","null","null","null","null","null","null","28"
"19562","2","0","3","0","0","null","null","null","null","null","null","20"
"19562","2","2","3","1","0","null","null","null","null","null","null","6"
"19562","1","3","3","1","1","0","0","0","0","0","1","2"
"19562","2","1","3","0","0","null","null","null","null","null","null","41"
"19562","1","4","3","1","0","null","null","null","null","null","null","5"
"19562","1","0","3","1","0","null","null","null","null","null","null","8"
"19562","1","2","3","1","0","null","null","null","null","null","null","7"
"19562","2","5","3","1","0","null","null","null","null","null","null","2"
"19562","1","3","3","0","0","null","null","null","null","null","null","43"
"19562","2","0","3","1","0","null","null","null","null","null","null","6"
"19562","1","4","3","0","0","null","null","null","null","null","null","4"
"19562","2","1","3","0","1","0","0","0","0","0","1","3"
"19562","1","2","3","0","0","null","null","null","null","null","null","8"
"19562","1","1","3","0","1","0","0","0","0","1","0","2"
"19562","1","1","3","0","0","null","null","null","null","null","null","50"
"19562","2","3","3","0","0","null","null","null","null","null","null","25"
"19562","2","1","3","1","0","null","null","null","null","null","null","12"
"19563","2","1","4","1","0","null","null","null","null","null","null","12"
"19563","2","3","4","1","1","1","0","0","0","0","0","6"
"19563","2","3","4","1","1","1","1","0","0","0","0","2"
"19563","2","0","4","0","0","null","null","null","null","null","null","32"
"19563","1","1","4","1","0","null","null","null","null","null","null","6"
"19563","1","1","4","0","0","null","null","null","null","null","null","12"
"19563","2","2","4","1","1","1","0","0","0","0","0","2"
"19563","1","2","4","0","0","null","null","null","null","null","null","3"
"19563","1","2","4","1","0","null","null","null","null","null","null","2"
"19563","2","2","4","1","0","null","null","null","null","null","null","4"
"19563","2","1","4","0","0","null","null","null","null","null","null","45"
"19563","1","3","4","1","0","null","null","null","null","null","null","16"
"19563","1","0","4","0","0","null","null","null","null","null","null","8"
"19563","2","0","4","1","0","null","null","null","null","null","null","6"
"19563","2","3","4","1","0","null","null","null","null","null","null","42"
"19563","1","1","4","1","1","1","1","0","0","0","0","2"
"19563","2","3","4","0","0","null","null","null","null","null","null","40"
"19563","2","2","4","0","0","null","null","null","null","null","null","4"
"19563","1","3","4","1","1","1","0","0","0","0","0","5"
"19563","1","1","4","0","1","1","1","0","0","0","0","2"
"19563","1","0","4","1","0","null","null","null","null","null","null","2"
"19563","1","3","4","0","0","null","null","null","null","null","null","10"
"19563","1","1","4","1","1","1","0","0","0","0","0","2"
"26564","1","3","4","1","1","1","0","0","0","0","0","2"
"26564","2","1","4","1","0","null","null","null","null","null","null","2"
"26564","2","0","4","0","0","null","null","null","null","null","null","14"
"26564","1","1","4","0","0","null","null","null","null","null","null","9"
"26564","2","0","4","1","0","null","null","null","null","null","null","2"
"26564","2","1","4","0","1","0","0","0","0","1","0","2"
"26564","2","3","4","0","1","0","0","0","0","0","1","2"
"26564","2","3","4","1","0","null","null","null","null","null","null","9"
"26564","1","3","4","0","0","null","null","null","null","null","null","4"
"26564","2","1","4","0","0","null","null","null","null","null","null","33"
"26564","2","3","4","0","1","1","0","0","0","0","0","3"
"26564","1","3","4","0","1","0","0","0","0","0","1","2"
"26564","1","0","4","0","0","null","null","null","null","null","null","5"
"26564","1","2","4","0","0","null","null","null","null","null","null","2"
"26564","1","3","4","1","0","null","null","null","null","null","null","4"
"26564","1","0","4","1","0","null","null","null","null","null","null","3"
"26564","1","1","4","1","0","null","null","null","null","null","null","2"
"26564","2","3","4","0","0","null","null","null","null","null","null","46"
"26564","2","2","4","0","0","null","null","null","null","null","null","16"
"43454","1","3","4","1","0","null","null","null","null","null","null","9"
"43454","2","2","4","1","0","null","null","null","null","null","null","3"
"43454","1","1","4","1","1","1","0","0","0","0","1","2"
"43454","1","0","4","1","1","0","0","0","0","1","0","2"
"43454","2","3","4","1","0","null","null","null","null","null","null","33"
"43454","2","1","4","1","0","null","null","null","null","null","null","4"
"43454","2","1","4","0","0","null","null","null","null","null","null","36"
"43454","1","0","4","1","0","null","null","null","null","null","null","3"
"43454","2","3","4","0","0","null","null","null","null","null","null","22"
"43454","2","0","4","1","0","null","null","null","null","null","null","3"
"43454","1","3","4","0","0","null","null","null","null","null","null","8"
"43454","2","0","4","0","0","null","null","null","null","null","null","9"
"43454","1","0","4","0","0","null","null","null","null","null","null","5"
"43454","2","3","4","1","1","1","0","0","0","0","0","2"
"43454","2","2","4","0","0","null","null","null","null","null","null","2"
"43454","1","1","4","0","0","null","null","null","null","null","null","9"
"43454","2","3","4","0","1","0","0","1","0","0","1","3"
"43454","2","3","4","0","1","0","0","0","0","1","0","2"
"44258","1","3","4","1","0","null","null","null","null","null","null","61"
"44258","1","1","4","0","1","0","0","0","0","0","1","5"
"44258","2","0","4","0","0","null","null","null","null","null","null","4"
"44258","2","3","4","0","1","0","0","0","0","1","0","2"
"44258","1","3","4","1","1","1","0","0","0","1","0","2"
"44258","2","3","4","0","1","1","0","0","0","0","0","2"
"44258","1","0","4","1","0","null","null","null","null","null","null","15"
"44258","1","1","4","1","1","0","0","0","0","0","1","3"
"44258","1","1","4","1","1","1","1","0","0","0","1","2"
"44258","2","0","4","1","0","null","null","null","null","null","null","2"
"44258","1","1","4","1","0","null","null","null","null","null","null","23"
"44258","2","3","4","0","0","null","null","null","null","null","null","8"
"44258","1","3","4","1","1","0","1","0","0","0","0","2"
"44258","2","1","4","0","1","0","0","0","0","1","0","2"
"44258","1","2","4","1","0","null","null","null","null","null","null","4"
"44258","1","3","4","1","1","0","0","0","0","1","0","4"
"44258","1","3","4","0","1","0","0","1","0","0","0","2"
"44258","2","3","4","1","0","null","null","null","null","null","null","37"
"44258","1","3","4","0","0","null","null","null","null","null","null","55"
"44258","2","1","4","0","1","0","0","0","0","0","1","2"
"44258","2","3","4","1","1","1","0","0","0","0","0","4"
"44258","1","1","4","0","0","null","null","null","null","null","null","75"
"44258","1","3","4","1","1","1","0","0","0","0","0","17"
"44258","1","3","4","0","1","0","0","0","0","1","0","4"
"44258","2","1","4","0","0","null","null","null","null","null","null","11"
"44258","2","1","4","1","0","null","null","null","null","null","null","8"
"44258","2","2","4","0","1","1","1","0","0","0","1","2"
"44258","1","3","4","1","1","1","1","0","0","0","0","5"
"44258","1","5","4","0","0","null","null","null","null","null","null","3"
"44258","1","3","4","1","1","1","1","0","0","1","0","3"
"44258","1","0","4","0","1","0","0","0","0","1","0","4"
"44258","1","0","4","0","0","null","null","null","null","null","null","53"
"44258","1","2","4","0","0","null","null","null","null","null","null","9"
"44258","1","0","4","1","1","1","0","0","0","0","0","4"
"44258","1","1","4","0","1","0","0","0","0","1","0","7"
"44258","1","1","4","0","1","0","0","1","0","0","0","3"
"44258","1","3","4","0","1","0","0","0","0","1","1","2"
"44258","1","2","4","1","1","1","0","0","0","0","0","3"
"80589","1","3","4","0","1","1","0","0","0","0","1","2"
"80589","2","3","4","0","0","null","null","null","null","null","null","21"
"80589","1","3","4","0","0","null","null","null","null","null","null","18"
"80589","2","3","4","1","0","null","null","null","null","null","null","17"
"80589","2","2","4","0","1","1","0","0","0","0","0","5"
"80589","1","1","4","0","1","1","0","0","0","0","0","6"
"80589","2","1","4","0","0","null","null","null","null","null","null","13"
"80589","2","3","4","1","1","1","0","0","0","0","0","11"
"80589","1","2","4","0","1","1","0","0","0","0","0","3"
"80589","1","3","4","0","1","1","0","0","0","0","0","12"
"80589","2","1","4","1","1","1","0","0","0","0","0","2"
"80589","1","3","4","1","0","null","null","null","null","null","null","18"
"80589","1","3","4","1","1","1","0","0","0","0","0","15"
"80589","2","0","4","0","0","null","null","null","null","null","null","11"
"80589","2","0","4","1","0","null","null","null","null","null","null","5"
"80589","1","1","4","0","0","null","null","null","null","null","null","5"
"80589","1","1","4","0","1","1","1","0","0","0","0","2"
"80589","2","1","4","0","1","1","0","0","0","0","0","2"
"80589","1","3","4","1","1","1","0","0","0","0","1","2"
"80589","1","0","4","1","0","null","null","null","null","null","null","3"
"80589","2","1","4","1","0","null","null","null","null","null","null","2"
"80589","1","0","4","0","1","1","0","0","0","0","0","3"
"80589","2","3","4","1","1","1","0","0","0","0","1","3"
"80589","1","0","4","0","0","null","null","null","null","null","null","13"
"80589","2","3","4","0","1","1","0","0","0","0","0","7"
"80589","2","2","4","0","0","null","null","null","null","null","null","2"
"97039","1","1","4","0","0","null","null","null","null","null","null","16"
"97039","2","3","4","0","1","0","0","0","0","0","1","4"
"97039","2","1","4","0","1","0","0","1","0","0","0","2"
"97039","2","2","4","1","0","null","null","null","null","null","null","3"
"97039","2","2","4","0","1","1","1","0","0","0","0","2"
"97039","2","1","4","1","0","null","null","null","null","null","null","6"
"97039","1","2","4","0","1","0","0","1","0","0","0","2"
"97039","2","2","4","0","1","0","0","0","0","0","1","3"
"97039","1","0","4","0","1","0","0","0","0","0","1","2"
"97039","2","1","4","0","0","null","null","null","null","null","null","39"
"97039","1","0","4","0","0","null","null","null","null","null","null","5"
"97039","2","3","4","1","0","null","null","null","null","null","null","23"
"97039","1","1","4","1","0","null","null","null","null","null","null","3"
"97039","1","2","4","0","0","null","null","null","null","null","null","6"
"97039","2","0","4","0","0","null","null","null","null","null","null","16"
"97039","2","1","4","0","1","1","0","0","0","0","0","2"
"97039","2","2","4","0","1","1","0","0","0","0","0","2"
"97039","1","3","4","1","0","null","null","null","null","null","null","8"
"97039","2","0","4","1","0","null","null","null","null","null","null","3"
"97039","2","3","4","0","0","null","null","null","null","null","null","45"
"97039","2","2","4","0","0","null","null","null","null","null","null","20"
"97039","1","3","4","0","0","null","null","null","null","null","null","9"
"97039","2","4","4","0","0","null","null","null","null","null","null","3"
"97039","2","3","4","0","1","1","1","0","0","0","0","2"
"97767","2","3","4","0","0","null","null","null","null","null","null","9"
"97767","2","3","4","0","1","1","0","0","0","0","0","2"
"97767","1","3","4","0","1","0","0","0","0","1","0","3"
"97767","1","0","4","0","1","0","0","0","0","1","0","2"
"97767","1","1","4","1","0","null","null","null","null","null","null","6"
"97767","2","3","4","1","1","0","0","0","0","1","0","3"
"97767","1","2","4","1","0","null","null","null","null","null","null","2"
"97767","2","1","4","0","0","null","null","null","null","null","null","7"
"97767","1","3","4","0","1","1","0","0","0","0","0","2"
"97767","2","0","4","1","0","null","null","null","null","null","null","2"
"97767","2","3","4","1","0","null","null","null","null","null","null","8"
"97767","1","3","4","0","0","null","null","null","null","null","null","15"
"97767","2","2","4","0","0","null","null","null","null","null","null","2"
"97767","1","0","4","1","0","null","null","null","null","null","null","2"
"97767","1","3","4","1","0","null","null","null","null","null","null","18"
"97767","2","1","4","1","0","null","null","null","null","null","null","4"
"97767","1","0","4","0","0","null","null","null","null","null","null","8"
"97767","1","1","4","0","0","null","null","null","null","null","null","9"
"97767","2","0","4","0","0","null","null","null","null","null","null","6"
"98976","2","2","3","1","0","null","null","null","null","null","null","5"
"98976","2","0","3","1","0","null","null","null","null","null","null","8"
"98976","2","2","3","0","0","null","null","null","null","null","null","4"
"98976","2","3","3","1","1","0","1","0","0","0","0","2"
"98976","2","1","3","1","0","null","null","null","null","null","null","14"
"98976","1","3","3","1","1","0","1","0","0","0","0","2"
"98976","1","3","3","1","0","null","null","null","null","null","null","60"
"98976","1","3","3","1","1","1","0","0","0","0","0","10"
"98976","2","3","3","1","1","1","0","1","0","0","0","3"
"98976","1","0","3","0","1","1","1","0","0","0","0","2"
"98976","1","3","3","0","1","1","0","0","0","1","0","6"
"98976","2","3","3","1","1","1","1","0","0","0","0","10"
"98976","2","3","3","0","1","1","0","0","0","1","0","2"
"98976","2","3","3","1","1","1","1","1","0","0","0","2"
"98976","2","3","3","1","1","1","0","0","0","0","0","4"
"98976","1","1","3","0","0","null","null","null","null","null","null","35"
"98976","1","3","3","1","1","1","1","0","0","0","0","7"
"98976","1","1","3","0","1","0","0","0","0","0","1","3"
"98976","1","3","3","0","1","0","0","0","0","1","0","2"
"98976","2","0","3","0","0","null","null","null","null","null","null","32"
"98976","1","2","3","0","0","null","null","null","null","null","null","11"
"98976","2","5","3","0","1","1","1","0","0","0","0","2"
"98976","2","2","3","1","1","1","1","0","0","0","0","2"
"98976","2","1","3","1","1","1","1","1","0","0","0","3"
"98976","1","3","3","0","0","null","null","null","null","null","null","45"
"98976","1","3","3","1","1","0","0","0","0","0","1","3"
"98976","1","0","3","0","0","null","null","null","null","null","null","26"
"98976","1","0","3","1","0","null","null","null","null","null","null","4"
"98976","1","3","3","0","1","1","0","0","0","0","0","2"
"98976","2","4","3","0","0","null","null","null","null","null","null","2"
"98976","2","3","3","0","0","null","null","null","null","null","null","47"
"98976","1","5","3","1","0","null","null","null","null","null","null","4"
"98976","1","2","3","1","0","null","null","null","null","null","null","2"
"98976","2","0","3","0","1","1","0","0","0","1","0","2"
"98976","2","3","3","0","1","1","1","1","0","0","0","4"
"98976","2","3","3","1","1","0","0","0","0","1","0","2"
"98976","2","1","3","0","0","null","null","null","null","null","null","45"
"98976","1","1","3","1","0","null","null","null","null","null","null","6"
"98976","2","3","3","1","0","null","null","null","null","null","null","55"
"98976","2","1","3","0","1","1","0","0","0","0","0","2"
"98976","2","5","3","0","0","null","null","null","null","null","null","3"
"98980","1","0","4","0","0","null","null","null","null","null","null","23"
"98980","1","5","4","1","0","null","null","null","null","null","null","6"
"98980","2","3","4","1","0","null","null","null","null","null","null","23"
"98980","2","3","4","0","1","0","1","0","0","0","0","3"
"98980","2","1","4","0","1","0","1","0","0","0","0","2"
"98980","1","1","4","1","1","0","0","0","0","1","0","2"
"98980","2","3","4","1","1","0","1","1","0","0","0","2"
"98980","2","5","4","0","0","null","null","null","null","null","null","6"
"98980","1","5","4","0","1","0","1","0","0","0","0","7"
"98980","1","1","4","0","1","0","1","0","0","0","0","5"
"98980","2","3","4","1","1","0","1","0","0","0","0","12"
"98980","1","2","4","0","1","0","1","0","0","0","0","2"
"98980","1","5","4","0","0","null","null","null","null","null","null","11"
"98980","2","3","4","0","0","null","null","null","null","null","null","11"
"98980","1","0","4","1","1","0","1","0","0","0","0","3"
"98980","2","1","4","0","0","null","null","null","null","null","null","11"
"98980","2","2","4","1","1","0","1","0","0","0","0","3"
"98980","2","5","4","0","1","0","1","0","0","0","0","4"
"98980","1","1","4","1","0","null","null","null","null","null","null","3"
"98980","1","5","4","1","1","0","1","0","0","0","0","10"
"98980","2","0","4","0","0","null","null","null","null","null","null","13"
"98980","1","1","4","0","0","null","null","null","null","null","null","15"
"98980","1","3","4","1","1","0","0","0","0","1","0","4"
"98980","1","3","4","1","1","0","1","0","0","0","0","33"
"98980","2","1","4","0","1","0","0","0","0","1","0","2"
"98980","2","5","4","1","0","null","null","null","null","null","null","4"
"98980","1","3","4","0","0","null","null","null","null","null","null","14"
"98980","1","3","4","1","0","null","null","null","null","null","null","36"
"98980","1","0","4","1","0","null","null","null","null","null","null","6"
"98980","1","2","4","0","0","null","null","null","null","null","null","4"
"98980","1","3","4","0","1","0","1","0","0","0","0","7"
"98980","2","5","4","1","1","0","1","0","0","0","0","8"
"98980","1","2","4","1","0","null","null","null","null","null","null","2"
"98980","1","2","4","1","1","0","1","0","0","0","0","6"
"98982","1","5","3","1","0","null","null","null","null","null","null","12"
"98982","2","1","3","0","0","null","null","null","null","null","null","3"
"98982","1","1","3","0","1","0","0","0","0","1","0","3"
"98982","1","3","3","1","1","1","0","0","0","1","0","6"
"98982","1","0","3","0","1","1","1","0","0","0","0","2"
"98982","1","3","3","1","1","0","1","0","0","0","0","3"
"98982","2","3","3","1","1","1","0","0","0","1","0","2"
"98982","1","5","3","1","1","1","1","1","0","0","0","4"
"98982","2","3","3","1","1","1","1","0","0","0","0","4"
"98982","1","5","3","0","1","1","1","1","0","0","0","2"
"98982","1","2","3","1","1","1","1","1","0","0","0","2"
"98982","1","1","3","1","0","null","null","null","null","null","null","11"
"98982","1","3","3","0","1","1","0","0","0","0","0","2"
"98982","1","1","3","0","1","1","0","1","0","0","0","2"
"98982","1","0","3","0","1","1","0","0","0","1","0","2"
"98982","1","0","3","1","0","null","null","null","null","null","null","16"
"98982","1","3","3","1","1","1","1","0","0","0","0","10"
"98982","1","3","3","0","1","1","1","0","0","0","0","4"
"98982","1","3","3","0","1","0","1","0","0","0","0","2"
"98982","1","0","3","0","0","null","null","null","null","null","null","34"
"98982","1","3","3","0","0","null","null","null","null","null","null","39"
"98982","2","0","3","1","0","null","null","null","null","null","null","3"
"98982","1","2","3","1","0","null","null","null","null","null","null","2"
"98982","2","3","3","1","1","1","1","1","0","0","1","2"
"98982","2","3","3","1","0","null","null","null","null","null","null","22"
"98982","1","3","3","1","1","1","0","0","0","0","0","7"
"98982","1","3","3","1","1","1","0","1","0","0","0","3"
"98982","2","0","3","0","0","null","null","null","null","null","null","17"
"98982","1","1","3","0","0","null","null","null","null","null","null","28"
"98982","2","2","3","0","0","null","null","null","null","null","null","2"
"98982","1","3","3","1","1","0","0","0","0","1","0","3"
"98982","1","3","3","0","1","1","0","0","0","1","0","2"
"98982","2","1","3","0","1","1","1","1","0","0","0","2"
"98982","1","3","3","0","1","1","1","1","0","0","0","3"
"98982","1","3","3","1","0","null","null","null","null","null","null","65"
"98982","1","3","3","0","1","1","0","1","0","0","0","5"
"98982","1","3","3","1","1","1","1","1","0","0","0","4"
"98982","1","1","3","1","1","1","1","0","0","0","0","2"
"98982","2","3","3","0","1","1","1","0","0","0","0","4"
"98982","1","2","3","0","0","null","null","null","null","null","null","3"
"98982","2","3","3","0","0","null","null","null","null","null","null","11"
"98982","1","5","3","0","0","null","null","null","null","null","null","5"
"98982","1","1","3","0","1","1","1","1","0","0","0","2"
"98984","2","3","4","1","1","0","1","0","0","0","0","17"
"98984","2","5","4","1","0","null","null","null","null","null","null","5"
"98984","2","0","4","0","1","0","1","0","0","0","0","2"
"98984","2","1","4","0","0","null","null","null","null","null","null","74"
"98984","2","1","4","1","1","0","1","0","0","0","0","11"
"98984","2","1","4","0","1","0","1","0","0","0","0","9"
"98984","2","2","4","0","1","0","1","0","0","0","0","3"
"98984","1","3","4","1","1","0","1","0","0","0","0","6"
"98984","1","3","4","0","0","null","null","null","null","null","null","11"
"98984","2","5","4","1","1","0","1","0","0","0","0","2"
"98984","2","3","4","1","1","0","1","1","0","0","0","2"
"98984","2","3","4","1","0","null","null","null","null","null","null","76"
"98984","2","0","4","0","0","null","null","null","null","null","null","45"
"98984","2","0","4","1","0","null","null","null","null","null","null","9"
"98984","1","1","4","1","0","null","null","null","null","null","null","5"
"98984","2","0","4","1","1","0","1","0","0","0","0","3"
"98984","2","3","4","1","1","0","0","0","0","0","1","2"
"98984","2","3","4","0","0","null","null","null","null","null","null","53"
"98984","2","1","4","0","1","0","0","0","0","1","0","2"
"98984","1","0","4","0","0","null","null","null","null","null","null","11"
"98984","2","1","4","1","0","null","null","null","null","null","null","17"
"98984","1","3","4","1","0","null","null","null","null","null","null","13"
"98984","1","1","4","0","0","null","null","null","null","null","null","14"
"98984","2","3","4","1","1","0","0","0","0","1","0","2"
"98984","2","3","4","0","1","0","0","0","0","0","1","4"
"98984","2","3","4","0","1","0","1","0","0","0","0","8"
"98984","1","0","4","1","1","0","1","0","0","0","0","3"
"98984","2","0","4","0","1","0","0","0","0","1","0","2"
"98984","2","2","4","1","0","null","null","null","null","null","null","8"
"98984","2","2","4","0","0","null","null","null","null","null","null","4"
"99045","2","0","3","0","0","null","null","null","null","null","null","40"
"99045","1","5","3","0","1","0","1","0","0","0","0","3"
"99045","1","5","3","0","0","null","null","null","null","null","null","4"
"99045","2","5","3","1","1","0","1","0","0","0","0","2"
"99045","2","3","3","0","0","null","null","null","null","null","null","52"
"99045","1","0","3","0","0","null","null","null","null","null","null","21"
"99045","2","0","3","1","0","null","null","null","null","null","null","10"
"99045","1","1","3","0","0","null","null","null","null","null","null","18"
"99045","1","4","3","0","0","null","null","null","null","null","null","2"
"99045","1","3","3","1","1","0","0","0","0","1","0","5"
"99045","1","3","3","1","0","null","null","null","null","null","null","47"
"99045","1","0","3","1","0","null","null","null","null","null","null","9"
"99045","2","3","3","0","1","0","1","0","0","0","0","5"
"99045","1","3","3","0","1","0","1","0","0","0","0","4"
"99045","2","0","3","0","1","0","1","0","0","0","0","6"
"99045","2","1","3","0","0","null","null","null","null","null","null","18"
"99045","2","3","3","1","1","0","1","0","0","0","0","15"
"99045","2","2","3","0","0","null","null","null","null","null","null","5"
"99045","2","4","3","0","0","null","null","null","null","null","null","2"
"99045","2","5","3","1","0","null","null","null","null","null","null","10"
"99045","1","3","3","0","1","0","0","0","0","1","0","3"
"99045","2","0","3","1","1","0","1","0","0","0","0","2"
"99045","1","1","3","0","1","0","1","0","0","0","0","2"
"99045","2","3","3","1","0","null","null","null","null","null","null","55"
"99045","2","2","3","1","0","null","null","null","null","null","null","4"
"99045","1","5","3","1","0","null","null","null","null","null","null","10"
"99045","1","0","3","1","1","0","1","0","0","0","0","2"
"99045","1","3","3","0","0","null","null","null","null","null","null","19"
"99045","1","3","3","1","1","0","1","0","0","0","0","14"
"99045","2","1","3","1","0","null","null","null","null","null","null","7"
"99045","2","1","3","1","1","0","0","1","0","0","0","2"
"99045","1","2","3","0","0","null","null","null","null","null","null","4"
"99045","1","1","3","1","0","null","null","null","null","null","null","4"
"99045","2","5","3","0","0","null","null","null","null","null","null","7"
"99045","2","1","3","0","1","0","1","0","0","0","0","3"
"100220","1","0","4","0","0","null","null","null","null","null","null","23"
"100220","1","2","4","1","1","1","0","0","0","0","0","3"
"100220","2","2","4","0","0","null","null","null","null","null","null","5"
"100220","1","1","4","1","0","null","null","null","null","null","null","18"
"100220","2","3","4","1","1","0","0","0","0","1","0","2"
"100220","2","3","4","0","0","null","null","null","null","null","null","17"
"100220","1","3","4","0","0","null","null","null","null","null","null","29"
"100220","1","2","4","1","0","null","null","null","null","null","null","4"
"100220","1","3","4","1","1","1","0","0","0","0","0","4"
"100220","1","0","4","1","0","null","null","null","null","null","null","7"
"100220","2","3","4","1","0","null","null","null","null","null","null","34"
"100220","2","0","4","0","0","null","null","null","null","null","null","12"
"100220","2","1","4","1","0","null","null","null","null","null","null","9"
"100220","2","1","4","0","0","null","null","null","null","null","null","32"
"100220","1","2","4","0","0","null","null","null","null","null","null","6"
"100220","2","2","4","1","0","null","null","null","null","null","null","2"
"100220","2","3","4","1","1","1","0","0","0","0","0","2"
"100220","1","3","4","1","0","null","null","null","null","null","null","43"
"100220","2","0","4","1","0","null","null","null","null","null","null","6"
"100220","1","1","4","0","0","null","null","null","null","null","null","29"
"107348","2","5","3","1","0","null","null","null","null","null","null","9"
"107348","1","2","3","1","0","null","null","null","null","null","null","2"
"107348","2","5","3","0","0","null","null","null","null","null","null","11"
"107348","1","1","3","0","0","null","null","null","null","null","null","8"
"107348","1","0","3","0","0","null","null","null","null","null","null","7"
"107348","2","0","3","1","0","null","null","null","null","null","null","3"
"107348","1","3","3","1","1","0","1","0","0","0","0","10"
"107348","2","1","3","0","0","null","null","null","null","null","null","9"
"107348","1","3","3","1","0","null","null","null","null","null","null","20"
"107348","2","5","3","0","1","0","1","0","0","0","0","4"
"107348","1","3","3","0","0","null","null","null","null","null","null","6"
"107348","2","2","3","0","0","null","null","null","null","null","null","4"
"107348","1","5","3","0","1","0","1","0","0","0","0","4"
"107348","2","3","3","1","1","0","1","0","0","0","0","3"
"107348","1","4","3","0","0","null","null","null","null","null","null","2"
"107348","2","0","3","0","0","null","null","null","null","null","null","2"
"107348","2","1","3","1","1","0","1","0","0","0","0","2"
"107348","2","1","3","1","0","null","null","null","null","null","null","3"
"107348","1","5","3","0","0","null","null","null","null","null","null","13"
"107348","2","0","3","0","1","0","1","0","0","0","0","2"
"107348","1","3","3","0","1","0","1","0","0","0","0","4"
"107348","2","3","3","1","0","null","null","null","null","null","null","15"
"107348","1","5","3","1","0","null","null","null","null","null","null","9"
"107348","1","1","3","1","0","null","null","null","null","null","null","2"
"107348","2","3","3","0","0","null","null","null","null","null","null","12"
"107348","2","3","3","0","1","0","1","0","0","0","0","3"
"107348","2","2","3","1","0","null","null","null","null","null","null","2"
"107348","2","5","3","1","1","0","1","0","0","0","0","4"
"107348","1","2","3","0","1","0","1","0","0","0","0","2"
"107352","2","1","4","0","0","null","null","null","null","null","null","11"
"107352","2","0","4","1","0","null","null","null","null","null","null","2"
"107352","2","2","4","1","0","null","null","null","null","null","null","3"
"107352","1","1","4","1","1","0","1","0","0","0","0","2"
"107352","1","1","4","0","0","null","null","null","null","null","null","24"
"107352","1","3","4","1","0","null","null","null","null","null","null","12"
"107352","2","2","4","0","0","null","null","null","null","null","null","3"
"107352","2","3","4","0","0","null","null","null","null","null","null","10"
"107352","1","3","4","1","1","0","1","0","0","0","0","8"
"107352","2","1","4","1","0","null","null","null","null","null","null","2"
"107352","2","1","4","1","1","0","1","0","0","0","0","3"
"107352","2","2","4","1","1","0","1","0","0","0","0","2"
"107352","2","3","4","1","1","0","1","0","0","0","0","9"
"107352","2","0","4","0","0","null","null","null","null","null","null","3"
"107352","1","3","4","0","1","0","0","0","0","1","0","2"
"107352","1","2","4","1","0","null","null","null","null","null","null","3"
"107352","1","1","4","1","0","null","null","null","null","null","null","10"
"107352","1","3","4","0","0","null","null","null","null","null","null","8"
"107352","1","2","4","0","0","null","null","null","null","null","null","4"
"107352","1","0","4","0","0","null","null","null","null","null","null","14"
"107352","2","3","4","1","0","null","null","null","null","null","null","10"
"107352","1","0","4","1","0","null","null","null","null","null","null","3"
"107356","1","3","3","1","1","0","1","0","0","0","0","2"
"107356","2","5","3","1","0","null","null","null","null","null","null","2"
"107356","1","0","3","0","1","1","0","0","0","1","0","2"
"107356","1","1","3","1","0","null","null","null","null","null","null","5"
"107356","1","1","3","0","1","1","0","0","0","1","0","2"
"107356","1","0","3","0","1","1","0","0","0","0","0","3"
"107356","1","3","3","0","0","null","null","null","null","null","null","20"
"107356","1","3","3","0","1","1","0","1","0","0","0","2"
"107356","1","5","3","1","0","null","null","null","null","null","null","5"
"107356","1","3","3","1","1","1","0","0","0","1","0","8"
"107356","1","0","3","0","0","null","null","null","null","null","null","22"
"107356","1","3","3","0","1","1","0","1","0","1","0","2"
"107356","1","3","3","0","1","1","0","0","0","1","0","6"
"107356","1","3","3","1","0","null","null","null","null","null","null","36"
"107356","1","3","3","1","1","1","1","1","0","0","0","3"
"107356","2","3","3","1","0","null","null","null","null","null","null","10"
"107356","1","3","3","0","1","1","1","1","0","0","0","2"
"107356","1","1","3","0","0","null","null","null","null","null","null","14"
"107356","2","1","3","0","0","null","null","null","null","null","null","2"
"107356","2","5","3","0","0","null","null","null","null","null","null","3"
"107356","1","0","3","1","1","1","0","0","0","0","0","2"
"107356","1","3","3","1","1","1","1","0","0","0","0","7"
"107356","1","3","3","0","1","1","1","0","0","0","0","9"
"107356","1","0","3","0","1","1","1","0","0","0","0","3"
"107356","2","3","3","0","0","null","null","null","null","null","null","6"
"107356","1","3","3","0","1","1","0","0","0","0","0","4"
"107356","1","2","3","0","0","null","null","null","null","null","null","4"
"107356","1","0","3","1","0","null","null","null","null","null","null","11"
"107356","1","3","3","1","1","1","0","0","0","0","0","3"
"107356","1","2","3","1","0","null","null","null","null","null","null","3"
"107356","1","1","3","0","1","1","1","0","0","0","0","2"
"107356","1","5","3","0","0","null","null","null","null","null","null","5"
"107360","2","3","4","0","1","0","1","0","0","0","0","5"
"107360","1","1","4","1","0","null","null","null","null","null","null","2"
"107360","2","0","4","1","0","null","null","null","null","null","null","6"
"107360","1","3","4","0","0","null","null","null","null","null","null","5"
"107360","2","1","4","1","1","0","1","0","0","0","0","2"
"107360","1","1","4","0","0","null","null","null","null","null","null","3"
"107360","2","1","4","0","0","null","null","null","null","null","null","38"
"107360","2","0","4","0","0","null","null","null","null","null","null","23"
"107360","2","2","4","0","0","null","null","null","null","null","null","2"
"107360","2","3","4","1","1","0","1","0","0","0","1","2"
"107360","2","3","4","1","1","0","1","0","0","0","0","20"
"107360","1","3","4","1","0","null","null","null","null","null","null","8"
"107360","2","1","4","0","1","0","1","0","0","0","0","2"
"107360","1","0","4","1","0","null","null","null","null","null","null","4"
"107360","1","1","4","1","1","0","1","0","0","0","0","2"
"107360","2","3","4","0","0","null","null","null","null","null","null","39"
"107360","2","3","4","1","0","null","null","null","null","null","null","37"
"107360","1","0","4","0","0","null","null","null","null","null","null","3"
"107360","1","3","4","1","1","0","1","0","0","0","0","3"
"107360","2","1","4","1","0","null","null","null","null","null","null","8"
"107438","1","0","2","0","0","null","null","null","null","null","null","9"
"107438","1","1","2","0","0","null","null","null","null","null","null","27"
"107438","1","3","2","1","0","null","null","null","null","null","null","12"
"107438","2","0","2","0","0","null","null","null","null","null","null","2"
"107438","1","0","2","1","0","null","null","null","null","null","null","3"
"107438","2","2","2","0","0","null","null","null","null","null","null","2"
"107438","2","1","2","0","0","null","null","null","null","null","null","15"
"107438","2","1","2","1","0","null","null","null","null","null","null","7"
"107438","1","1","2","1","1","0","0","0","0","0","1","3"
"107438","2","2","2","1","0","null","null","null","null","null","null","3"
"107438","1","2","2","1","0","null","null","null","null","null","null","2"
"107438","1","3","2","0","0","null","null","null","null","null","null","9"
"107438","2","0","2","1","0","null","null","null","null","null","null","3"
"107438","2","3","2","1","0","null","null","null","null","null","null","8"
"107438","1","1","2","1","0","null","null","null","null","null","null","8"
"107438","1","2","2","0","0","null","null","null","null","null","null","2"
"107438","2","3","2","0","0","null","null","null","null","null","null","3"
"107440","2","3","2","1","1","1","1","0","0","0","1","2"
"107440","2","3","2","1","0","null","null","null","null","null","null","12"
"107440","1","4","2","0","0","null","null","null","null","null","null","2"
"107440","2","0","2","0","0","null","null","null","null","null","null","2"
"107440","1","1","2","0","0","null","null","null","null","null","null","28"
"107440","1","3","2","0","0","null","null","null","null","null","null","8"
"107440","1","1","2","1","1","1","0","0","0","0","0","2"
"107440","1","3","2","1","0","null","null","null","null","null","null","14"
"107440","1","0","2","1","0","null","null","null","null","null","null","3"
"107440","1","1","2","1","0","null","null","null","null","null","null","5"
"107440","2","3","2","0","0","null","null","null","null","null","null","4"
"107440","2","0","2","1","0","null","null","null","null","null","null","2"
"107440","1","0","2","0","0","null","null","null","null","null","null","11"
"107440","2","1","2","0","0","null","null","null","null","null","null","8"
"107456","1","2","4","0","0","null","null","null","null","null","null","2"
"107456","1","1","4","0","0","null","null","null","null","null","null","14"
"107456","1","0","4","0","0","null","null","null","null","null","null","2"
"107456","2","1","4","1","0","null","null","null","null","null","null","5"
"107456","2","3","4","0","0","null","null","null","null","null","null","7"
"107456","2","1","4","0","0","null","null","null","null","null","null","8"
"107456","2","2","4","1","0","null","null","null","null","null","null","2"
"107456","2","3","4","1","0","null","null","null","null","null","null","7"
"107456","2","2","4","0","0","null","null","null","null","null","null","2"
"107456","1","1","4","1","0","null","null","null","null","null","null","2"
"107456","1","3","4","0","0","null","null","null","null","null","null","11"
"107456","1","2","4","1","0","null","null","null","null","null","null","2"
"107456","1","3","4","1","0","null","null","null","null","null","null","10"
"107548","2","3","1","1","0","null","null","null","null","null","null","22"
"107548","2","0","3","0","0","null","null","null","null","null","null","9"
"107548","2","3","3","0","0","null","null","null","null","null","null","29"
"107548","2","2","3","0","0","null","null","null","null","null","null","9"
"107548","1","2","1","1","0","null","null","null","null","null","null","5"
"107548","1","1","1","1","1","0","0","0","0","1","0","2"
"107548","1","2","1","0","0","null","null","null","null","null","null","7"
"107548","2","1","1","0","1","1","0","0","0","0","0","2"
"107548","1","2","1","1","1","1","0","0","0","0","0","2"
"107548","2","0","1","0","0","null","null","null","null","null","null","15"
"107548","2","2","3","1","0","null","null","null","null","null","null","10"
"107548","2","3","1","0","0","null","null","null","null","null","null","13"
"107548","1","4","1","0","0","null","null","null","null","null","null","3"
"107548","1","3","1","1","1","0","0","0","0","0","1","2"
"107548","1","3","1","1","0","null","null","null","null","null","null","65"
"107548","1","2","3","1","0","null","null","null","null","null","null","6"
"107548","1","3","1","1","1","1","0","0","0","0","0","4"
"107548","2","0","3","1","0","null","null","null","null","null","null","7"
"107548","2","3","3","1","0","null","null","null","null","null","null","38"
"107548","1","0","3","1","0","null","null","null","null","null","null","13"
"107548","2","2","1","0","0","null","null","null","null","null","null","3"
"107548","1","1","1","1","1","1","0","0","0","0","0","4"
"107548","1","1","1","1","0","null","null","null","null","null","null","17"
"107548","1","3","3","1","1","1","0","0","0","0","0","2"
"107548","1","0","1","0","0","null","null","null","null","null","null","31"
"107548","1","2","3","0","0","null","null","null","null","null","null","8"
"107548","1","3","1","0","1","0","0","0","0","1","0","2"
"107548","1","2","1","0","1","0","0","0","0","1","0","2"
"107548","2","1","1","1","0","null","null","null","null","null","null","9"
"107548","2","0","1","1","0","null","null","null","null","null","null","5"
"107548","1","3","3","0","0","null","null","null","null","null","null","48"
"107548","1","1","1","0","0","null","null","null","null","null","null","58"
"107548","1","1","1","0","1","0","0","0","0","1","0","3"
"107548","1","3","1","0","0","null","null","null","null","null","null","37"
"107548","2","4","3","0","0","null","null","null","null","null","null","2"
"107548","1","0","1","1","1","1","0","0","0","0","0","2"
"107548","1","0","3","0","0","null","null","null","null","null","null","29"
"107548","1","4","3","0","0","null","null","null","null","null","null","4"
"107548","1","1","1","0","1","1","0","0","0","0","0","2"
"107548","1","3","3","1","0","null","null","null","null","null","null","67"
"107548","1","0","1","1","0","null","null","null","null","null","null","12"
"107548","1","1","3","0","0","null","null","null","null","null","null","45"
"107548","2","1","1","0","0","null","null","null","null","null","null","14"
"107548","2","3","1","1","1","1","0","0","0","0","0","4"
"107548","2","1","3","0","0","null","null","null","null","null","null","21"
"107548","1","1","3","1","0","null","null","null","null","null","null","18"
"107548","2","1","3","1","0","null","null","null","null","null","null","4"
"107548","2","2","1","1","0","null","null","null","null","null","null","5"
"107549","2","0","3","1","0","null","null","null","null","null","null","6"
"107549","1","3","3","1","0","null","null","null","null","null","null","39"
"107549","1","3","1","1","1","0","0","0","0","1","0","2"
"107549","2","2","3","0","0","null","null","null","null","null","null","6"
"107549","2","3","1","0","0","null","null","null","null","null","null","18"
"107549","2","1","3","1","0","null","null","null","null","null","null","6"
"107549","2","0","1","0","0","null","null","null","null","null","null","8"
"107549","1","3","1","1","1","1","0","0","0","0","0","2"
"107549","2","3","1","1","0","null","null","null","null","null","null","33"
"107549","1","1","3","0","0","null","null","null","null","null","null","35"
"107549","2","3","3","0","0","null","null","null","null","null","null","23"
"107549","1","0","3","1","0","null","null","null","null","null","null","6"
"107549","1","3","3","0","0","null","null","null","null","null","null","34"
"107549","2","2","3","1","0","null","null","null","null","null","null","5"
"107549","1","1","1","0","0","null","null","null","null","null","null","49"
"107549","1","1","1","0","1","0","0","0","0","1","0","2"
"107549","1","0","1","1","0","null","null","null","null","null","null","10"
"107549","2","3","3","1","0","null","null","null","null","null","null","41"
"107549","1","0","1","0","0","null","null","null","null","null","null","21"
"107549","1","1","1","1","0","null","null","null","null","null","null","11"
"107549","1","1","3","1","0","null","null","null","null","null","null","5"
"107549","1","2","1","1","0","null","null","null","null","null","null","5"
"107549","1","3","1","0","0","null","null","null","null","null","null","28"
"107549","2","0","1","1","0","null","null","null","null","null","null","3"
"107549","2","2","1","0","0","null","null","null","null","null","null","5"
"107549","1","5","3","0","0","null","null","null","null","null","null","3"
"107549","1","0","1","0","1","1","0","0","0","0","0","2"
"107549","2","1","1","1","0","null","null","null","null","null","null","7"
"107549","1","2","1","0","0","null","null","null","null","null","null","7"
"107549","1","3","1","1","0","null","null","null","null","null","null","40"
"107549","1","3","3","1","1","1","0","0","0","0","0","3"
"107549","2","0","3","0","0","null","null","null","null","null","null","11"
"107549","1","1","1","1","1","0","0","0","0","0","1","2"
"107549","2","1","3","0","0","null","null","null","null","null","null","30"
"107549","1","2","3","0","0","null","null","null","null","null","null","7"
"107549","1","2","3","1","0","null","null","null","null","null","null","4"
"107549","2","1","1","0","0","null","null","null","null","null","null","23"
"107549","2","2","1","1","0","null","null","null","null","null","null","7"
"107549","1","0","3","0","0","null","null","null","null","null","null","16"
"107549","1","3","1","1","1","1","0","0","0","0","1","2"
"107552","1","0","1","0","0","null","null","null","null","null","null","8"
"107552","1","3","1","1","0","null","null","null","null","null","null","19"
"107552","1","1","1","0","0","null","null","null","null","null","null","10"
"107552","2","1","1","0","0","null","null","null","null","null","null","14"
"107552","2","3","1","0","0","null","null","null","null","null","null","4"
"107552","1","2","1","0","0","null","null","null","null","null","null","3"
"107552","1","1","1","1","0","null","null","null","null","null","null","4"
"107552","1","0","1","1","0","null","null","null","null","null","null","3"
"107552","1","3","1","0","0","null","null","null","null","null","null","9"
"107552","2","3","1","1","0","null","null","null","null","null","null","6"
"107553","2","3","1","0","1","1","0","0","0","0","0","2"
"107553","2","0","1","0","0","null","null","null","null","null","null","4"
"107553","2","1","1","0","0","null","null","null","null","null","null","7"
"107553","1","2","1","1","0","null","null","null","null","null","null","2"
"107553","2","0","1","1","0","null","null","null","null","null","null","2"
"107553","1","5","1","0","0","null","null","null","null","null","null","2"
"107553","1","1","1","1","0","null","null","null","null","null","null","14"
"107553","1","1","1","0","0","null","null","null","null","null","null","28"
"107553","1","3","1","1","0","null","null","null","null","null","null","43"
"107553","2","3","1","1","0","null","null","null","null","null","null","10"
"107553","1","0","1","1","0","null","null","null","null","null","null","7"
"107553","1","3","1","0","0","null","null","null","null","null","null","20"
"107553","1","3","1","1","1","1","0","0","0","0","0","3"
"107553","1","2","1","0","0","null","null","null","null","null","null","3"
"107553","1","0","1","0","0","null","null","null","null","null","null","16"
"107553","1","1","1","1","1","1","0","0","0","0","0","4"
"107553","2","2","1","0","0","null","null","null","null","null","null","4"
"107553","1","1","1","0","1","1","0","0","0","0","0","2"
"107553","2","3","1","0","0","null","null","null","null","null","null","5"
"109626","1","1","3","0","0","null","null","null","null","null","null","19"
"109626","1","3","4","1","0","null","null","null","null","null","null","23"
"109626","1","3","3","1","0","null","null","null","null","null","null","39"
"109626","1","1","4","0","1","1","0","0","0","0","0","3"
"109626","1","3","3","0","0","null","null","null","null","null","null","37"
"109626","1","2","3","1","1","1","0","0","0","0","0","2"
"109626","1","0","3","1","0","null","null","null","null","null","null","9"
"109626","1","0","3","0","1","1","0","0","0","0","0","6"
"109626","1","1","4","1","1","1","0","0","0","0","0","5"
"109626","2","3","4","1","0","null","null","null","null","null","null","5"
"109626","2","0","3","1","0","null","null","null","null","null","null","3"
"109626","2","0","4","0","1","1","0","0","0","0","0","2"
"109626","1","3","4","0","0","null","null","null","null","null","null","17"
"109626","2","0","4","0","0","null","null","null","null","null","null","8"
"109626","1","2","4","1","0","null","null","null","null","null","null","4"
"109626","2","0","4","1","0","null","null","null","null","null","null","2"
"109626","1","3","4","1","1","1","0","0","0","0","1","2"
"109626","1","3","4","0","1","1","1","0","0","0","0","2"
"109626","2","3","4","1","1","1","0","0","0","0","0","5"
"109626","1","3","3","0","1","1","0","0","0","0","0","8"
"109626","1","1","3","1","1","1","0","0","0","0","0","2"
"109626","1","0","3","1","1","0","0","0","0","1","0","2"
"109626","2","1","3","1","0","null","null","null","null","null","null","4"
"109626","2","3","3","1","0","null","null","null","null","null","null","8"
"109626","2","1","3","0","0","null","null","null","null","null","null","2"
"109626","2","1","3","0","1","1","0","0","0","0","0","2"
"109626","1","0","4","1","1","1","0","0","0","0","0","3"
"109626","1","1","3","0","1","1","0","0","0","0","0","4"
"109626","1","2","4","0","0","null","null","null","null","null","null","3"
"109626","1","3","3","1","1","0","0","0","0","1","0","5"
"109626","1","3","3","1","1","1","0","0","0","0","1","2"
"109626","1","3","4","1","1","0","0","0","0","1","0","2"
"109626","1","0","4","0","0","null","null","null","null","null","null","17"
"109626","1","4","3","0","1","1","0","0","0","0","0","4"
"109626","1","3","4","1","1","0","0","0","0","0","1","2"
"109626","1","2","3","0","0","null","null","null","null","null","null","2"
"109626","1","4","4","0","0","null","null","null","null","null","null","2"
"109626","1","3","4","0","1","1","0","0","0","0","1","2"
"109626","1","1","4","1","0","null","null","null","null","null","null","2"
"109626","1","3","4","0","1","1","0","0","0","0","0","14"
"109626","1","3","4","1","1","1","0","0","0","0","0","15"
"109626","2","0","3","0","0","null","null","null","null","null","null","4"
"109626","1","0","3","0","0","null","null","null","null","null","null","30"
"109626","1","3","3","1","1","1","0","0","0","0","0","18"
"109626","2","1","4","0","0","null","null","null","null","null","null","3"
"109626","1","1","4","0","0","null","null","null","null","null","null","7"
"109626","1","1","3","1","0","null","null","null","null","null","null","2"
"109626","1","0","4","1","0","null","null","null","null","null","null","4"
"109626","1","0","4","0","1","1","0","0","0","0","0","8"
"109626","2","3","3","1","1","0","0","0","0","1","0","2"
"109626","2","3","3","0","1","1","0","0","0","0","0","5"
"109626","1","2","4","1","1","1","0","0","0","0","0","2"
"109626","1","4","4","0","1","1","0","0","0","0","0","3"
"109948","2","0","null","0","0","null","null","null","null","null","null","4"
"109948","2","1","null","0","0","null","null","null","null","null","null","31"
"109948","2","2","null","1","0","null","null","null","null","null","null","8"
"109948","2","4","null","0","0","null","null","null","null","null","null","2"
"109948","1","2","null","1","0","null","null","null","null","null","null","4"
"109948","1","3","null","1","0","null","null","null","null","null","null","23"
"109948","2","3","null","0","0","null","null","null","null","null","null","29"
"109948","1","0","null","0","0","null","null","null","null","null","null","5"
"109948","1","1","null","1","0","null","null","null","null","null","null","4"
"109948","1","3","null","0","0","null","null","null","null","null","null","10"
"109948","2","1","null","1","0","null","null","null","null","null","null","21"
"109948","2","2","null","0","0","null","null","null","null","null","null","7"
"109948","1","1","null","0","0","null","null","null","null","null","null","4"
"109948","2","3","null","1","0","null","null","null","null","null","null","46"
"109948","1","0","null","1","0","null","null","null","null","null","null","2"
"109950","1","2","null","1","0","null","null","null","null","null","null","6"
"109950","2","2","null","0","0","null","null","null","null","null","null","3"
"109950","2","3","null","0","0","null","null","null","null","null","null","12"
"109950","2","2","null","1","0","null","null","null","null","null","null","2"
"109950","1","1","null","1","0","null","null","null","null","null","null","2"
"109950","1","1","null","0","0","null","null","null","null","null","null","18"
"109950","1","3","null","1","0","null","null","null","null","null","null","31"
"109950","2","1","null","0","0","null","null","null","null","null","null","9"
"109950","2","3","null","1","0","null","null","null","null","null","null","9"
"109950","1","0","null","1","0","null","null","null","null","null","null","3"
"109950","1","0","null","0","0","null","null","null","null","null","null","5"
"109950","1","3","null","0","0","null","null","null","null","null","null","27"
"109954","1","4","null","0","0","null","null","null","null","null","null","2"
"109954","1","3","null","0","0","null","null","null","null","null","null","44"
"109954","1","0","null","0","0","null","null","null","null","null","null","7"
"109954","2","1","null","1","0","null","null","null","null","null","null","7"
"109954","2","0","null","0","0","null","null","null","null","null","null","4"
"109954","1","2","null","1","0","null","null","null","null","null","null","3"
"109954","2","2","null","1","0","null","null","null","null","null","null","2"
"109954","2","4","null","0","0","null","null","null","null","null","null","2"
"109954","1","3","null","1","0","null","null","null","null","null","null","68"
"109954","2","3","null","0","0","null","null","null","null","null","null","21"
"109954","2","1","null","0","0","null","null","null","null","null","null","20"
"109954","1","1","null","1","0","null","null","null","null","null","null","16"
"109954","2","2","null","0","0","null","null","null","null","null","null","3"
"109954","2","3","null","1","0","null","null","null","null","null","null","29"
"109954","1","2","null","0","0","null","null","null","null","null","null","3"
"109954","1","1","null","0","0","null","null","null","null","null","null","25"
"109954","1","0","null","1","0","null","null","null","null","null","null","4"
"113604","1","0","4","0","0","null","null","null","null","null","null","25"
"113604","1","2","4","1","1","1","0","0","0","0","0","2"
"113604","1","3","4","1","0","null","null","null","null","null","null","37"
"113604","1","3","4","1","1","1","0","0","0","0","0","11"
"113604","2","0","4","0","0","null","null","null","null","null","null","15"
"113604","2","0","4","1","1","1","0","0","0","0","0","3"
"113604","1","3","4","1","1","1","1","0","0","0","0","3"
"113604","2","1","4","1","0","null","null","null","null","null","null","7"
"113604","1","0","4","0","1","0","0","0","0","1","0","2"
"113604","2","3","4","0","0","null","null","null","null","null","null","34"
"113604","1","3","4","0","0","null","null","null","null","null","null","30"
"113604","1","2","4","0","0","null","null","null","null","null","null","3"
"113604","2","1","4","0","1","1","0","0","0","0","0","2"
"113604","2","3","4","1","0","null","null","null","null","null","null","31"
"113604","2","2","4","1","0","null","null","null","null","null","null","4"
"113604","1","3","4","0","1","0","0","1","0","0","1","2"
"113604","2","0","4","1","0","null","null","null","null","null","null","7"
"113604","1","1","4","0","0","null","null","null","null","null","null","34"
"113604","2","1","4","1","1","1","0","0","0","0","0","2"
"113604","2","3","4","0","1","1","0","0","0","0","1","2"
"113604","1","1","4","0","1","0","0","0","0","1","0","4"
"113604","1","0","4","1","0","null","null","null","null","null","null","7"
"113604","1","1","4","1","1","1","1","0","0","0","0","2"
"113604","1","2","4","1","0","null","null","null","null","null","null","4"
"113604","1","3","4","0","1","1","0","0","0","0","0","2"
"113604","1","1","4","1","1","1","0","0","0","0","0","3"
"113604","2","3","4","1","1","0","0","0","0","0","1","2"
"113604","1","1","4","1","0","null","null","null","null","null","null","12"
"113604","2","3","4","1","1","1","0","0","0","0","0","13"
"113604","2","1","4","0","0","null","null","null","null","null","null","33"
"113604","2","3","4","0","1","1","0","0","0","0","0","2"
"113604","1","1","4","0","1","0","0","0","0","0","1","3"
"113609","2","0","4","0","1","0","0","0","0","1","0","4"
"113609","2","2","4","0","0","null","null","null","null","null","null","5"
"113609","2","3","4","1","1","0","0","0","0","0","1","3"
"113609","2","3","4","1","1","1","1","0","0","0","0","5"
"113609","2","1","4","0","1","0","0","0","0","0","1","2"
"113609","1","3","4","1","1","1","1","0","0","0","0","2"
"113609","2","3","4","0","1","1","0","0","0","0","0","3"
"113609","2","1","4","1","1","0","0","0","0","1","0","2"
"113609","1","1","4","0","0","null","null","null","null","null","null","13"
"113609","2","3","4","0","0","null","null","null","null","null","null","45"
"113609","2","1","4","0","1","0","0","1","0","0","0","5"
"113609","1","0","4","0","0","null","null","null","null","null","null","9"
"113609","1","1","4","1","0","null","null","null","null","null","null","11"
"113609","2","0","4","1","0","null","null","null","null","null","null","6"
"113609","2","1","4","0","1","0","0","0","0","1","0","7"
"113609","1","3","4","1","0","null","null","null","null","null","null","15"
"113609","1","3","4","0","0","null","null","null","null","null","null","12"
"113609","2","3","4","1","1","0","1","0","0","0","0","2"
"113609","2","3","4","1","1","1","0","0","0","0","0","11"
"113609","2","1","4","0","0","null","null","null","null","null","null","84"
"113609","2","2","4","1","0","null","null","null","null","null","null","4"
"113609","1","0","4","1","0","null","null","null","null","null","null","3"
"113609","1","3","4","1","1","1","0","0","0","0","0","2"
"113609","1","3","4","0","1","1","0","0","0","0","0","2"
"113609","2","3","4","0","1","0","0","0","0","1","1","2"
"113609","2","1","4","1","0","null","null","null","null","null","null","30"
"113609","2","3","4","1","0","null","null","null","null","null","null","78"
"113609","2","3","4","0","1","0","0","1","0","0","0","2"
"113609","1","2","4","0","0","null","null","null","null","null","null","3"
"113609","2","0","4","0","0","null","null","null","null","null","null","50"
"113609","2","1","4","0","1","0","0","0","0","1","1","3"
"113609","2","3","4","1","1","0","0","0","0","1","0","3"
"113609","2","1","4","1","1","1","0","0","0","0","0","3"
"113615","1","0","4","0","0","null","null","null","null","null","null","26"
"113615","1","1","4","1","0","null","null","null","null","null","null","11"
"113615","2","3","4","1","1","1","0","0","0","0","1","2"
"113615","2","3","4","0","1","0","0","0","0","1","0","2"
"113615","1","3","4","1","1","1","1","0","0","0","0","2"
"113615","1","0","4","1","0","null","null","null","null","null","null","7"
"113615","1","1","4","0","0","null","null","null","null","null","null","37"
"113615","2","0","4","0","0","null","null","null","null","null","null","25"
"113615","1","3","4","0","0","null","null","null","null","null","null","32"
"113615","1","2","4","1","1","1","0","0","0","0","0","2"
"113615","1","3","4","1","0","null","null","null","null","null","null","45"
"113615","2","3","4","0","0","null","null","null","null","null","null","34"
"113615","1","1","4","1","1","1","0","0","0","0","0","5"
"113615","2","0","4","1","0","null","null","null","null","null","null","4"
"113615","2","3","4","1","0","null","null","null","null","null","null","36"
"113615","1","3","4","1","1","1","0","0","0","0","0","5"
"113615","2","1","4","1","0","null","null","null","null","null","null","14"
"113615","2","3","4","1","1","1","1","0","0","0","0","4"
"113615","2","2","4","0","0","null","null","null","null","null","null","2"
"113615","1","3","4","0","1","0","0","0","0","1","0","2"
"113615","2","1","4","0","0","null","null","null","null","null","null","52"
"113615","2","2","4","1","0","null","null","null","null","null","null","4"
"113615","2","3","4","1","1","0","0","0","0","1","0","2"
"113617","1","3","4","1","0","null","null","null","null","null","null","20"
"113617","1","0","4","0","0","null","null","null","null","null","null","11"
"113617","2","0","4","1","1","1","0","0","0","0","0","2"
"113617","1","3","4","1","1","0","0","0","0","1","0","2"
"113617","2","3","4","1","1","1","0","0","0","0","0","5"
"113617","2","3","4","1","1","1","0","1","0","0","0","2"
"113617","2","1","4","0","0","null","null","null","null","null","null","35"
"113617","2","3","4","0","0","null","null","null","null","null","null","35"
"113617","2","0","4","0","1","0","0","0","0","1","0","2"
"113617","2","0","4","0","0","null","null","null","null","null","null","32"
"113617","2","2","4","0","0","null","null","null","null","null","null","6"
"113617","2","2","4","1","0","null","null","null","null","null","null","2"
"113617","1","0","4","1","0","null","null","null","null","null","null","7"
"113617","1","3","4","0","0","null","null","null","null","null","null","13"
"113617","1","1","4","0","0","null","null","null","null","null","null","19"
"113617","2","1","4","1","0","null","null","null","null","null","null","16"
"113617","2","3","4","1","0","null","null","null","null","null","null","39"
"113617","2","3","4","1","1","0","0","0","0","1","0","2"
"113617","2","4","4","0","0","null","null","null","null","null","null","2"
"113617","1","1","4","1","0","null","null","null","null","null","null","10"
"113617","2","0","4","1","0","null","null","null","null","null","null","9"
"113621","2","3","3","1","0","null","null","null","null","null","null","59"
"113621","2","2","3","1","0","null","null","null","null","null","null","7"
"113621","1","2","3","0","0","null","null","null","null","null","null","7"
"113621","1","2","3","1","0","null","null","null","null","null","null","9"
"113621","2","3","3","1","1","1","0","0","0","0","0","3"
"113621","1","3","3","0","1","0","0","0","0","1","0","2"
"113621","2","1","3","1","1","0","0","0","0","0","1","2"
"113621","1","5","3","1","0","null","null","null","null","null","null","2"
"113621","2","2","3","0","0","null","null","null","null","null","null","12"
"113621","1","1","3","0","1","0","0","0","0","0","1","4"
"113621","1","3","3","1","1","0","0","0","0","0","1","2"
"113621","2","0","3","0","0","null","null","null","null","null","null","32"
"113621","1","0","3","0","0","null","null","null","null","null","null","31"
"113621","2","3","3","0","0","null","null","null","null","null","null","49"
"113621","1","3","3","1","0","null","null","null","null","null","null","74"
"113621","1","0","3","1","0","null","null","null","null","null","null","12"
"113621","1","3","3","0","1","0","0","0","0","0","1","2"
"113621","2","2","3","1","1","0","0","0","0","0","1","2"
"113621","2","1","3","1","0","null","null","null","null","null","null","13"
"113621","2","3","3","0","1","0","0","0","0","1","0","3"
"113621","2","0","3","1","0","null","null","null","null","null","null","10"
"113621","2","4","3","0","0","null","null","null","null","null","null","3"
"113621","1","4","3","0","0","null","null","null","null","null","null","4"
"113621","2","3","3","1","1","0","0","0","0","1","0","2"
"113621","1","3","3","0","0","null","null","null","null","null","null","51"
"113621","1","1","3","0","0","null","null","null","null","null","null","40"
"113621","2","1","3","0","0","null","null","null","null","null","null","58"
"113621","1","1","3","1","0","null","null","null","null","null","null","8"
"113621","1","1","3","0","1","0","0","0","0","1","0","2"
"113699","2","1","null","1","0","null","null","null","null","null","null","5"
"113699","2","1","null","0","0","null","null","null","null","null","null","5"
"113699","2","3","null","1","0","null","null","null","null","null","null","19"
"113699","2","4","null","0","0","null","null","null","null","null","null","2"
"113699","2","3","null","0","0","null","null","null","null","null","null","9"
"113699","1","1","null","0","0","null","null","null","null","null","null","8"
"113699","1","1","null","1","0","null","null","null","null","null","null","13"
"113699","1","2","null","0","0","null","null","null","null","null","null","3"
"113699","1","3","null","1","0","null","null","null","null","null","null","24"
"113699","1","3","null","0","0","null","null","null","null","null","null","14"
"113699","2","2","null","0","0","null","null","null","null","null","null","2"
"113701","1","0","null","0","0","null","null","null","null","null","null","4"
"113701","2","0","null","0","0","null","null","null","null","null","null","8"
"113701","1","2","null","1","0","null","null","null","null","null","null","2"
"113701","2","1","null","1","0","null","null","null","null","null","null","4"
"113701","2","3","null","1","0","null","null","null","null","null","null","26"
"113701","1","3","null","0","0","null","null","null","null","null","null","8"
"113701","2","2","null","0","0","null","null","null","null","null","null","2"
"113701","2","2","null","1","0","null","null","null","null","null","null","4"
"113701","1","3","null","1","0","null","null","null","null","null","null","12"
"113701","2","3","null","0","0","null","null","null","null","null","null","24"
"113701","2","0","null","1","0","null","null","null","null","null","null","2"
"113701","2","1","null","0","0","null","null","null","null","null","null","18"
"113701","1","1","null","0","0","null","null","null","null","null","null","10"
"113709","1","0","4","0","0","null","null","null","null","null","null","37"
"113709","2","0","4","1","0","null","null","null","null","null","null","5"
"113709","1","3","4","0","1","0","0","0","0","1","0","5"
"113709","1","1","4","0","1","0","0","0","0","0","1","6"
"113709","2","2","4","0","0","null","null","null","null","null","null","3"
"113709","1","0","4","1","0","null","null","null","null","null","null","14"
"113709","2","3","4","1","0","null","null","null","null","null","null","46"
"113709","1","3","4","1","1","1","0","0","0","0","0","2"
"113709","1","1","4","0","0","null","null","null","null","null","null","77"
"113709","1","1","4","1","0","null","null","null","null","null","null","19"
"113709","2","3","4","0","1","0","0","0","0","1","0","4"
"113709","2","1","4","1","1","1","0","0","0","0","0","2"
"113709","2","0","4","0","1","0","0","0","0","1","0","2"
"113709","1","1","4","1","1","0","0","0","0","1","0","2"
"113709","1","3","4","1","1","0","0","0","0","1","0","6"
"113709","2","2","4","1","0","null","null","null","null","null","null","3"
"113709","1","3","4","1","1","0","0","0","0","1","1","2"
"113709","1","4","4","0","0","null","null","null","null","null","null","2"
"113709","1","3","4","1","1","0","0","0","0","0","1","3"
"113709","2","3","4","1","1","1","0","0","0","0","0","3"
"113709","1","3","4","1","0","null","null","null","null","null","null","65"
"113709","1","2","4","1","0","null","null","null","null","null","null","4"
"113709","1","1","4","0","1","0","0","0","0","1","0","6"
"113709","1","3","4","0","0","null","null","null","null","null","null","65"
"113709","2","0","4","0","0","null","null","null","null","null","null","13"
"113709","2","1","4","0","0","null","null","null","null","null","null","28"
"113709","2","3","4","0","0","null","null","null","null","null","null","22"
"113709","2","1","4","1","1","0","0","0","0","1","0","4"
"113709","1","1","4","1","1","0","0","0","0","1","1","2"
"113709","2","1","4","0","1","0","1","0","0","1","0","2"
"113709","1","2","4","0","0","null","null","null","null","null","null","6"
"113709","2","1","4","1","0","null","null","null","null","null","null","10"
"116826","2","3","3","1","0","null","null","null","null","null","null","29"
"116826","1","1","3","1","0","null","null","null","null","null","null","5"
"116826","1","4","3","0","0","null","null","null","null","null","null","2"
"116826","1","1","3","0","0","null","null","null","null","null","null","16"
"116826","2","1","3","1","0","null","null","null","null","null","null","7"
"116826","1","0","3","1","0","null","null","null","null","null","null","7"
"116826","2","2","3","0","0","null","null","null","null","null","null","4"
"116826","2","3","3","0","0","null","null","null","null","null","null","31"
"116826","1","2","3","1","0","null","null","null","null","null","null","5"
"116826","2","0","3","0","0","null","null","null","null","null","null","20"
"116826","1","3","3","0","0","null","null","null","null","null","null","18"
"116826","1","3","3","0","1","1","0","0","0","0","1","2"
"116826","2","1","3","0","0","null","null","null","null","null","null","14"
"116826","1","0","3","0","0","null","null","null","null","null","null","21"
"116826","2","2","3","1","0","null","null","null","null","null","null","7"
"116826","2","0","3","1","0","null","null","null","null","null","null","4"
"116826","1","3","3","1","0","null","null","null","null","null","null","33"
"116826","1","2","3","0","0","null","null","null","null","null","null","5"
"116830","1","0","3","0","0","null","null","null","null","null","null","23"
"116830","1","3","3","1","1","1","0","0","0","0","0","2"
"116830","1","3","3","0","0","null","null","null","null","null","null","21"
"116830","2","1","3","0","0","null","null","null","null","null","null","38"
"116830","2","1","3","1","0","null","null","null","null","null","null","13"
"116830","1","3","3","1","0","null","null","null","null","null","null","33"
"116830","2","5","3","0","0","null","null","null","null","null","null","2"
"116830","2","2","3","0","0","null","null","null","null","null","null","6"
"116830","2","0","3","0","0","null","null","null","null","null","null","20"
"116830","1","2","3","1","0","null","null","null","null","null","null","7"
"116830","2","3","3","0","0","null","null","null","null","null","null","41"
"116830","1","4","3","0","0","null","null","null","null","null","null","2"
"116830","2","3","3","1","0","null","null","null","null","null","null","33"
"116830","2","0","3","1","0","null","null","null","null","null","null","4"
"116830","1","1","3","1","0","null","null","null","null","null","null","11"
"116830","1","2","3","0","0","null","null","null","null","null","null","7"
"116830","1","1","3","0","0","null","null","null","null","null","null","32"
"116830","2","2","3","1","0","null","null","null","null","null","null","7"
"116830","1","0","3","1","0","null","null","null","null","null","null","5"
"122288","2","3","4","1","1","1","0","0","0","0","0","4"
"122288","2","2","4","1","0","null","null","null","null","null","null","5"
"122288","1","3","4","0","0","null","null","null","null","null","null","19"
"122288","2","3","4","1","1","1","0","0","0","0","1","2"
"122288","1","1","4","1","0","null","null","null","null","null","null","12"
"122288","1","0","4","0","0","null","null","null","null","null","null","16"
"122288","1","2","4","0","0","null","null","null","null","null","null","5"
"122288","1","3","4","1","0","null","null","null","null","null","null","27"
"122288","2","1","4","0","0","null","null","null","null","null","null","54"
"122288","2","0","4","1","0","null","null","null","null","null","null","6"
"122288","1","1","4","0","0","null","null","null","null","null","null","30"
"122288","2","2","4","0","0","null","null","null","null","null","null","16"
"122288","1","0","4","1","0","null","null","null","null","null","null","6"
"122288","2","1","4","0","1","0","0","0","0","0","1","2"
"122288","2","1","4","1","0","null","null","null","null","null","null","14"
"122288","1","2","4","1","0","null","null","null","null","null","null","4"
"122288","1","3","4","1","1","1","0","0","0","0","0","2"
"122288","1","1","4","0","1","0","0","0","0","1","0","2"
"122288","2","4","4","0","0","null","null","null","null","null","null","2"
"122288","2","0","4","0","0","null","null","null","null","null","null","33"
"122288","2","3","4","0","0","null","null","null","null","null","null","64"
"122288","2","3","4","1","0","null","null","null","null","null","null","62"
"122918","1","1","4","0","0","null","null","null","null","null","null","39"
"122918","2","0","4","0","0","null","null","null","null","null","null","6"
"122918","2","1","4","1","1","1","0","0","0","1","0","2"
"122918","1","3","4","0","0","null","null","null","null","null","null","33"
"122918","1","1","4","0","1","0","0","0","0","0","1","2"
"122918","1","2","4","0","0","null","null","null","null","null","null","5"
"122918","1","2","4","1","0","null","null","null","null","null","null","4"
"122918","1","3","4","1","1","1","0","0","0","0","1","2"
"122918","2","3","4","1","0","null","null","null","null","null","null","10"
"122918","2","1","4","0","0","null","null","null","null","null","null","8"
"122918","2","3","4","0","0","null","null","null","null","null","null","9"
"122918","1","1","4","0","1","1","0","0","0","0","1","3"
"122918","1","1","4","1","1","1","0","0","0","0","0","6"
"122918","1","4","4","0","0","null","null","null","null","null","null","2"
"122918","1","0","4","1","0","null","null","null","null","null","null","9"
"122918","1","1","4","0","1","0","0","0","0","1","0","6"
"122918","1","3","4","0","1","1","0","0","0","0","0","2"
"122918","1","3","4","1","0","null","null","null","null","null","null","41"
"122918","1","0","4","0","0","null","null","null","null","null","null","27"
"122918","1","3","4","1","1","1","0","0","0","0","0","14"
"122918","1","1","4","1","0","null","null","null","null","null","null","12"
"122918","2","1","4","1","0","null","null","null","null","null","null","3"
"122918","1","3","4","0","1","0","0","0","0","1","0","3"
"122924","1","3","3","1","1","1","0","0","0","0","0","5"
"122924","2","0","3","0","0","null","null","null","null","null","null","18"
"122924","1","3","3","1","0","null","null","null","null","null","null","118"
"122924","1","5","3","1","0","null","null","null","null","null","null","2"
"122924","1","3","3","1","1","0","0","0","0","1","0","2"
"122924","2","2","3","0","0","null","null","null","null","null","null","5"
"122924","1","4","3","0","0","null","null","null","null","null","null","4"
"122924","2","3","3","0","0","null","null","null","null","null","null","30"
"122924","1","4","3","1","0","null","null","null","null","null","null","2"
"122924","1","2","3","0","0","null","null","null","null","null","null","16"
"122924","1","1","3","1","0","null","null","null","null","null","null","20"
"122924","1","3","3","1","1","0","0","0","0","0","1","3"
"122924","1","3","3","0","1","1","0","0","0","0","0","2"
"122924","2","0","3","1","0","null","null","null","null","null","null","3"
"122924","2","1","3","0","0","null","null","null","null","null","null","25"
"122924","1","1","3","0","0","null","null","null","null","null","null","51"
"122924","2","1","3","1","0","null","null","null","null","null","null","5"
"122924","2","2","3","1","0","null","null","null","null","null","null","11"
"122924","1","3","3","0","0","null","null","null","null","null","null","70"
"122924","1","0","3","0","0","null","null","null","null","null","null","58"
"122924","1","2","3","1","0","null","null","null","null","null","null","15"
"122924","2","4","3","0","0","null","null","null","null","null","null","2"
"122924","1","3","3","1","1","1","0","0","0","1","0","2"
"122924","1","0","3","1","0","null","null","null","null","null","null","16"
"122924","2","3","3","1","0","null","null","null","null","null","null","31"
"122924","2","3","3","1","1","1","0","0","0","0","0","6"
"122924","1","1","3","1","1","1","0","0","0","0","0","3"
"122926","1","3","4","1","1","0","0","0","0","1","0","6"
"122926","1","4","4","0","0","null","null","null","null","null","null","2"
"122926","1","1","4","1","1","0","0","0","0","0","1","2"
"122926","1","3","4","1","1","1","0","0","0","0","0","4"
"122926","1","0","4","1","0","null","null","null","null","null","null","23"
"122926","1","0","4","0","1","0","0","0","0","1","0","5"
"122926","1","0","4","1","1","1","0","0","0","0","0","2"
"122926","1","1","4","0","1","0","0","0","0","1","0","9"
"122926","1","3","4","0","1","0","0","0","0","0","1","2"
"122926","2","2","4","1","0","null","null","null","null","null","null","2"
"122926","2","4","4","0","0","null","null","null","null","null","null","2"
"122926","1","1","4","0","1","0","0","0","0","1","1","4"
"122926","1","0","4","1","1","0","0","0","0","1","0","2"
"122926","1","4","4","1","0","null","null","null","null","null","null","2"
"122926","1","3","4","0","1","0","0","0","0","1","0","4"
"122926","1","1","4","1","0","null","null","null","null","null","null","24"
"122926","1","3","4","0","1","1","0","0","0","0","0","3"
"122926","1","0","4","0","0","null","null","null","null","null","null","64"
"122926","1","1","4","0","0","null","null","null","null","null","null","86"
"122926","1","2","4","0","0","null","null","null","null","null","null","14"
"122926","2","0","4","0","0","null","null","null","null","null","null","6"
"122926","2","1","4","1","1","1","0","0","0","0","0","2"
"122926","2","1","4","1","0","null","null","null","null","null","null","2"
"122926","1","1","4","1","1","1","0","0","0","0","0","2"
"122926","1","3","4","1","0","null","null","null","null","null","null","96"
"122926","1","3","4","1","1","1","1","0","0","0","0","3"
"122926","2","3","4","0","0","null","null","null","null","null","null","14"
"122926","1","3","4","0","0","null","null","null","null","null","null","69"
"122926","2","3","4","1","0","null","null","null","null","null","null","13"
"122926","2","1","4","0","0","null","null","null","null","null","null","10"
"122926","2","3","4","1","1","1","0","0","0","0","0","4"
"122926","1","2","4","1","0","null","null","null","null","null","null","10"
"122926","1","3","4","1","1","0","0","0","0","0","1","3"
"122926","2","0","4","1","0","null","null","null","null","null","null","3"
"122926","1","2","4","1","1","0","0","0","0","1","1","2"
"122928","1","0","2","0","0","null","null","null","null","null","null","21"
"122928","1","1","2","1","1","1","0","0","0","0","0","2"
"122928","1","1","2","0","0","null","null","null","null","null","null","39"
"122928","2","3","2","0","0","null","null","null","null","null","null","9"
"122928","1","1","2","0","1","1","0","0","0","0","0","2"
"122928","1","3","2","1","1","1","0","0","0","0","0","4"
"122928","2","1","2","1","0","null","null","null","null","null","null","2"
"122928","2","3","2","1","0","null","null","null","null","null","null","20"
"122928","1","0","2","1","0","null","null","null","null","null","null","5"
"122928","1","2","2","0","0","null","null","null","null","null","null","2"
"122928","2","1","2","1","1","1","0","0","0","0","0","2"
"122928","1","3","2","1","0","null","null","null","null","null","null","30"
"122928","2","3","2","1","1","1","0","0","0","0","0","5"
"122928","1","1","2","1","0","null","null","null","null","null","null","11"
"122928","1","3","2","0","0","null","null","null","null","null","null","12"
"122928","2","2","2","1","0","null","null","null","null","null","null","2"
"122928","2","1","2","0","0","null","null","null","null","null","null","13"
"122930","1","3","1","0","0","null","null","null","null","null","null","16"
"122930","1","0","1","1","0","null","null","null","null","null","null","3"
"122930","2","1","1","1","0","null","null","null","null","null","null","5"
"122930","2","2","1","1","0","null","null","null","null","null","null","2"
"122930","1","4","1","0","0","null","null","null","null","null","null","2"
"122930","1","3","1","1","1","1","0","0","0","0","0","3"
"122930","2","1","1","0","0","null","null","null","null","null","null","13"
"122930","1","0","1","0","0","null","null","null","null","null","null","9"
"122930","2","0","1","0","0","null","null","null","null","null","null","4"
"122930","2","3","1","0","0","null","null","null","null","null","null","7"
"122930","1","3","1","1","0","null","null","null","null","null","null","20"
"122930","2","3","1","1","0","null","null","null","null","null","null","16"
"122930","1","1","1","1","0","null","null","null","null","null","null","3"
"122930","1","1","1","0","0","null","null","null","null","null","null","22"
"122930","1","2","1","1","0","null","null","null","null","null","null","2"
"122934","1","3","3","1","0","null","null","null","null","null","null","15"
"122934","1","3","3","0","0","null","null","null","null","null","null","16"
"122934","2","1","3","1","0","null","null","null","null","null","null","17"
"122934","2","0","3","0","0","null","null","null","null","null","null","19"
"122934","2","2","3","0","0","null","null","null","null","null","null","3"
"122934","2","1","3","0","0","null","null","null","null","null","null","35"
"122934","1","1","3","1","0","null","null","null","null","null","null","3"
"122934","2","2","3","0","1","1","1","0","0","0","0","2"
"122934","2","2","3","1","1","1","0","0","0","0","0","2"
"122934","2","3","3","1","0","null","null","null","null","null","null","35"
"122934","1","0","3","0","0","null","null","null","null","null","null","8"
"122934","1","1","3","0","0","null","null","null","null","null","null","17"
"122934","2","0","3","1","0","null","null","null","null","null","null","5"
"122934","2","1","3","0","1","0","0","0","0","1","0","4"
"122934","1","0","3","1","0","null","null","null","null","null","null","4"
"122934","1","2","3","0","0","null","null","null","null","null","null","4"
"122934","2","1","3","0","1","0","0","0","0","0","1","4"
"122934","2","3","3","0","0","null","null","null","null","null","null","31"
"122934","2","3","3","1","1","1","0","0","0","0","0","4"
"122934","2","2","3","1","0","null","null","null","null","null","null","2"
"122934","2","3","3","0","1","1","0","0","0","0","0","2"
"313399","2","4","4","0","0","null","null","null","null","null","null","2"
"313399","2","2","4","1","1","1","0","0","0","0","0","2"
"313399","2","0","4","0","1","0","0","0","0","1","0","2"
"313399","1","2","4","1","0","null","null","null","null","null","null","4"
"313399","1","1","4","1","1","1","0","0","0","0","0","2"
"313399","1","2","4","0","0","null","null","null","null","null","null","4"
"313399","1","0","4","1","0","null","null","null","null","null","null","10"
"313399","1","0","4","0","0","null","null","null","null","null","null","19"
"313399","2","0","4","0","0","null","null","null","null","null","null","21"
"313399","2","3","4","0","1","0","0","1","0","0","1","2"
"313399","2","3","4","1","1","1","0","0","0","0","0","2"
"313399","2","3","4","1","0","null","null","null","null","null","null","24"
"313399","1","3","4","1","1","1","0","0","0","0","0","4"
"313399","2","3","4","0","0","null","null","null","null","null","null","19"
"313399","1","1","4","0","1","0","0","0","0","0","1","3"
"313399","2","0","4","1","0","null","null","null","null","null","null","7"
"313399","1","3","4","1","0","null","null","null","null","null","null","44"
"313399","2","1","4","1","0","null","null","null","null","null","null","8"
"313399","1","1","4","1","0","null","null","null","null","null","null","8"
"313399","2","1","4","0","0","null","null","null","null","null","null","30"
"313399","1","3","4","0","1","0","0","0","0","1","1","2"
"313399","1","1","4","0","0","null","null","null","null","null","null","41"
"313399","1","3","4","0","0","null","null","null","null","null","null","14"
"313399","1","1","4","0","1","0","0","1","0","0","0","2"
"313399","2","1","4","0","1","0","0","0","0","1","0","2"
"313400","1","2","4","0","0","null","null","null","null","null","null","5"
"313400","2","0","4","0","0","null","null","null","null","null","null","12"
"313400","2","3","4","1","1","1","0","0","0","0","0","3"
"313400","2","1","4","0","1","0","0","1","0","0","0","2"
"313400","2","0","4","1","0","null","null","null","null","null","null","6"
"313400","2","0","4","0","1","0","0","0","0","1","0","2"
"313400","2","1","4","1","0","null","null","null","null","null","null","10"
"313400","1","1","4","1","0","null","null","null","null","null","null","4"
"313400","1","1","4","0","0","null","null","null","null","null","null","9"
"313400","2","3","4","0","1","1","0","0","0","0","0","3"
"313400","1","0","4","1","0","null","null","null","null","null","null","5"
"313400","2","3","4","1","0","null","null","null","null","null","null","24"
"313400","2","3","4","0","0","null","null","null","null","null","null","21"
"313400","1","0","4","0","0","null","null","null","null","null","null","11"
"313400","2","1","4","0","0","null","null","null","null","null","null","28"
"313400","1","3","4","0","0","null","null","null","null","null","null","11"
"313400","1","3","4","1","0","null","null","null","null","null","null","7"
"313400","2","2","4","0","0","null","null","null","null","null","null","4"
"313400","1","3","4","1","1","1","0","0","0","0","0","4"
"313402","1","3","4","0","0","null","null","null","null","null","null","7"
"313402","2","0","4","0","0","null","null","null","null","null","null","8"
"313402","2","3","4","1","0","null","null","null","null","null","null","14"
"313402","1","3","4","1","0","null","null","null","null","null","null","6"
"313402","2","1","4","1","0","null","null","null","null","null","null","2"
"313402","2","2","4","1","0","null","null","null","null","null","null","2"
"313402","2","3","4","0","0","null","null","null","null","null","null","6"
"313402","2","1","4","0","0","null","null","null","null","null","null","15"
"313404","1","2","4","0","0","null","null","null","null","null","null","6"
"313404","1","0","4","1","0","null","null","null","null","null","null","3"
"313404","1","1","4","0","0","null","null","null","null","null","null","7"
"313404","2","0","4","0","0","null","null","null","null","null","null","6"
"313404","2","3","4","1","0","null","null","null","null","null","null","4"
"313404","2","3","4","0","0","null","null","null","null","null","null","10"
"313404","1","3","4","1","0","null","null","null","null","null","null","10"
"313404","1","1","4","1","0","null","null","null","null","null","null","2"
"313404","2","2","4","0","0","null","null","null","null","null","null","4"
"313404","1","3","4","0","0","null","null","null","null","null","null","18"
"313404","2","1","4","1","0","null","null","null","null","null","null","6"
"313404","1","0","4","0","0","null","null","null","null","null","null","6"
"313404","2","1","4","0","0","null","null","null","null","null","null","13"
"313406","2","3","1","1","0","null","null","null","null","null","null","21"
"313406","1","1","1","0","0","null","null","null","null","null","null","12"
"313406","2","2","3","1","0","null","null","null","null","null","null","2"
"313406","2","1","3","0","0","null","null","null","null","null","null","3"
"313406","2","2","3","0","0","null","null","null","null","null","null","2"
"313406","2","1","1","1","0","null","null","null","null","null","null","9"
"313406","1","1","1","1","0","null","null","null","null","null","null","4"
"313406","2","0","1","0","0","null","null","null","null","null","null","12"
"313406","1","2","1","0","0","null","null","null","null","null","null","5"
"313406","2","1","1","0","0","null","null","null","null","null","null","19"
"313406","2","3","1","1","1","0","0","0","0","1","0","2"
"313406","1","3","1","0","0","null","null","null","null","null","null","10"
"313406","1","0","1","0","0","null","null","null","null","null","null","7"
"313406","1","1","1","0","1","0","0","0","0","1","0","3"
"313406","2","2","1","0","0","null","null","null","null","null","null","4"
"313406","2","3","3","0","0","null","null","null","null","null","null","4"
"313406","2","3","1","0","0","null","null","null","null","null","null","28"
"313406","2","2","1","1","0","null","null","null","null","null","null","6"
"313406","1","0","1","1","0","null","null","null","null","null","null","4"
"313406","2","3","1","1","1","1","0","0","0","0","0","3"
"313406","1","3","1","1","0","null","null","null","null","null","null","22"
"313406","2","0","1","1","0","null","null","null","null","null","null","5"
"313406","2","3","3","1","0","null","null","null","null","null","null","2"
"313409","1","1","3","0","0","null","null","null","null","null","null","4"
"313409","1","0","3","0","0","null","null","null","null","null","null","7"
"313409","2","1","3","1","0","null","null","null","null","null","null","3"
"313409","2","3","3","0","0","null","null","null","null","null","null","18"
"313409","2","3","3","0","1","1","0","0","0","0","0","2"
"313409","2","2","3","1","0","null","null","null","null","null","null","5"
"313409","2","1","3","0","0","null","null","null","null","null","null","13"
"313409","1","3","3","0","0","null","null","null","null","null","null","3"
"313409","2","2","3","0","0","null","null","null","null","null","null","3"
"313409","2","0","3","0","0","null","null","null","null","null","null","14"
"313409","1","1","3","1","0","null","null","null","null","null","null","3"
"313409","1","2","3","1","0","null","null","null","null","null","null","2"
"313409","2","0","3","1","0","null","null","null","null","null","null","5"
"313409","2","3","3","1","0","null","null","null","null","null","null","29"
"313409","1","3","3","1","0","null","null","null","null","null","null","4"
"397767","1","3","4","0","0","null","null","null","null","null","null","15"
"397767","2","3","4","1","0","null","null","null","null","null","null","6"
"397767","2","2","4","1","0","null","null","null","null","null","null","2"
"397767","2","0","4","1","0","null","null","null","null","null","null","5"
"397767","1","3","4","0","1","0","0","0","0","0","1","2"
"397767","1","3","4","1","1","0","0","0","0","1","0","5"
"397767","2","3","4","1","1","0","0","0","0","1","0","2"
"397767","1","0","4","0","0","null","null","null","null","null","null","16"
"397767","1","1","4","1","0","null","null","null","null","null","null","6"
"397767","1","1","4","1","1","0","0","0","0","1","0","2"
"397767","2","1","4","0","0","null","null","null","null","null","null","4"
"397767","2","3","4","0","0","null","null","null","null","null","null","9"
"397767","1","3","4","1","0","null","null","null","null","null","null","25"
"397767","1","1","4","0","1","1","0","0","0","0","0","2"
"397767","1","1","4","0","0","null","null","null","null","null","null","8"
"397767","2","0","4","0","0","null","null","null","null","null","null","6"
"407456","1","3","4","1","0","null","null","null","null","null","null","11"
"407456","2","1","4","0","0","null","null","null","null","null","null","7"
"407456","1","1","4","0","0","null","null","null","null","null","null","8"
"407456","2","0","4","1","0","null","null","null","null","null","null","2"
"407456","2","3","4","0","0","null","null","null","null","null","null","4"
"407456","1","0","4","0","0","null","null","null","null","null","null","8"
"407456","2","3","4","1","0","null","null","null","null","null","null","7"
"407456","1","1","4","0","1","0","0","0","0","1","0","2"
"407456","2","2","4","0","0","null","null","null","null","null","null","2"
"407456","2","1","4","1","0","null","null","null","null","null","null","2"
"407456","2","1","4","0","1","1","0","0","0","0","0","3"
"407456","1","2","4","0","0","null","null","null","null","null","null","4"
"407456","1","3","4","0","0","null","null","null","null","null","null","6"
"407456","2","0","4","0","0","null","null","null","null","null","null","4"
"1110230","2","3","3","0","0","null","null","null","null","null","null","24"
"1110230","1","0","3","1","0","null","null","null","null","null","null","4"
"1110230","2","0","3","0","0","null","null","null","null","null","null","13"
"1110230","1","2","3","0","0","null","null","null","null","null","null","10"
"1110230","1","3","3","1","1","1","1","0","0","0","0","2"
"1110230","2","1","3","0","1","1","0","0","0","0","0","2"
"1110230","2","3","3","1","0","null","null","null","null","null","null","38"
"1110230","1","3","3","1","1","1","0","0","0","0","0","3"
"1110230","1","1","3","1","1","1","0","0","0","0","0","3"
"1110230","1","0","3","0","0","null","null","null","null","null","null","12"
"1110230","2","2","3","1","0","null","null","null","null","null","null","7"
"1110230","1","3","3","1","0","null","null","null","null","null","null","34"
"1110230","2","0","3","1","0","null","null","null","null","null","null","6"
"1110230","1","4","3","1","0","null","null","null","null","null","null","3"
"1110230","1","1","3","0","0","null","null","null","null","null","null","26"
"1110230","2","1","3","0","0","null","null","null","null","null","null","34"
"1110230","1","3","3","0","0","null","null","null","null","null","null","32"
"1110230","2","2","3","0","0","null","null","null","null","null","null","14"
"1110230","1","1","3","1","0","null","null","null","null","null","null","15"
"1110230","1","2","3","1","0","null","null","null","null","null","null","9"
"1110415","1","3","3","1","1","1","0","0","0","0","0","7"
"1110415","1","1","4","0","1","0","0","0","0","0","1","2"
"1110415","1","3","3","0","1","1","0","0","0","0","0","5"
"1110415","1","3","4","1","1","1","0","0","0","0","0","12"
"1110415","1","2","3","0","0","null","null","null","null","null","null","3"
"1110415","1","2","4","0","0","null","null","null","null","null","null","6"
"1110415","2","1","3","0","1","1","0","0","0","0","0","2"
"1110415","2","3","4","1","1","1","0","0","0","0","0","5"
"1110415","1","3","3","1","1","0","0","0","0","0","1","3"
"1110415","2","3","4","1","1","1","1","1","0","0","0","3"
"1110415","1","3","3","1","0","null","null","null","null","null","null","41"
"1110415","2","0","3","0","0","null","null","null","null","null","null","20"
"1110415","2","3","3","1","0","null","null","null","null","null","null","61"
"1110415","2","3","4","1","0","null","null","null","null","null","null","31"
"1110415","1","0","3","1","1","1","0","0","0","0","0","3"
"1110415","1","0","3","1","0","null","null","null","null","null","null","3"
"1110415","2","2","3","0","1","0","0","0","0","1","0","2"
"1110415","1","3","4","0","0","null","null","null","null","null","null","30"
"1110415","1","1","3","0","0","null","null","null","null","null","null","53"
"1110415","2","3","3","1","1","1","0","0","0","0","0","8"
"1110415","1","0","3","0","0","null","null","null","null","null","null","26"
"1110415","2","2","4","0","0","null","null","null","null","null","null","2"
"1110415","2","3","3","1","1","0","0","0","0","0","1","2"
"1110415","2","4","3","0","0","null","null","null","null","null","null","2"
"1110415","2","3","3","0","0","null","null","null","null","null","null","50"
"1110415","1","2","4","1","0","null","null","null","null","null","null","3"
"1110415","1","4","4","0","0","null","null","null","null","null","null","2"
"1110415","2","2","3","0","0","null","null","null","null","null","null","7"
"1110415","2","3","3","0","1","1","0","0","0","0","0","3"
"1110415","2","1","4","1","0","null","null","null","null","null","null","8"
"1110415","1","3","4","1","0","null","null","null","null","null","null","39"
"1110415","2","1","3","0","1","0","0","0","0","1","0","2"
"1110415","1","0","4","1","0","null","null","null","null","null","null","2"
"1110415","2","2","4","1","0","null","null","null","null","null","null","5"
"1110415","1","1","3","1","0","null","null","null","null","null","null","14"
"1110415","1","1","4","0","0","null","null","null","null","null","null","55"
"1110415","1","0","4","0","0","null","null","null","null","null","null","38"
"1110415","1","1","4","1","0","null","null","null","null","null","null","11"
"1110415","1","1","3","1","1","1","0","0","0","0","0","2"
"1110415","2","3","4","0","0","null","null","null","null","null","null","18"
"1110415","2","1","4","0","0","null","null","null","null","null","null","50"
"1110415","2","2","3","1","0","null","null","null","null","null","null","8"
"1110415","2","3","3","0","1","0","0","0","0","1","0","2"
"1110415","2","0","4","0","0","null","null","null","null","null","null","29"
"1110415","1","3","4","0","1","1","0","0","0","0","0","2"
"1110415","2","4","4","0","0","null","null","null","null","null","null","2"
"1110415","1","2","3","1","0","null","null","null","null","null","null","4"
"1110415","1","1","4","1","1","1","0","0","0","0","0","2"
"1110415","1","3","3","0","0","null","null","null","null","null","null","34"
"1110415","2","1","3","0","0","null","null","null","null","null","null","46"
"1110415","2","0","3","1","0","null","null","null","null","null","null","5"
"1110415","1","2","3","1","1","1","0","0","0","0","0","2"
"1110415","2","1","3","1","0","null","null","null","null","null","null","21"
"1110415","2","1","3","1","1","1","0","0","0","0","0","5"
"1110415","2","2","3","1","1","1","0","0","0","0","0","2"
"1110415","1","3","4","1","1","0","0","0","0","1","0","2"
"1110415","2","0","4","1","0","null","null","null","null","null","null","7"
"1123330","1","3","4","0","0","null","null","null","null","null","null","38"
"1123330","1","3","4","0","1","0","0","0","0","1","1","2"
"1123330","1","3","4","1","0","null","null","null","null","null","null","50"
"1123330","1","0","4","0","1","0","0","0","0","1","0","3"
"1123330","2","1","4","0","0","null","null","null","null","null","null","9"
"1123330","1","1","4","1","0","null","null","null","null","null","null","15"
"1123330","1","0","4","0","0","null","null","null","null","null","null","22"
"1123330","1","3","4","0","1","0","0","0","0","1","0","3"
"1123330","2","3","4","0","0","null","null","null","null","null","null","8"
"1123330","1","3","4","1","1","1","0","0","0","0","0","18"
"1123330","1","1","4","1","1","1","0","0","0","0","0","7"
"1123330","1","2","4","0","0","null","null","null","null","null","null","4"
"1123330","1","3","4","1","1","0","0","0","0","0","1","2"
"1123330","1","0","4","1","0","null","null","null","null","null","null","17"
"1123330","2","3","4","1","0","null","null","null","null","null","null","10"
"1123330","1","1","4","0","1","1","0","0","0","0","0","2"
"1123330","1","1","4","0","0","null","null","null","null","null","null","53"
"1123330","1","0","4","1","1","1","0","0","0","0","0","4"
"1123330","2","2","4","0","0","null","null","null","null","null","null","2"
"1123330","1","1","4","0","1","0","0","0","0","1","0","3"
"1123330","1","2","4","1","0","null","null","null","null","null","null","5"
"1123330","2","0","4","0","0","null","null","null","null","null","null","3"
"1125641","1","0","2","0","0","null","null","null","null","null","null","18"
"1125641","2","0","2","0","0","null","null","null","null","null","null","13"
"1125641","1","3","2","0","0","null","null","null","null","null","null","17"
"1125641","2","3","2","0","0","null","null","null","null","null","null","25"
"1125641","1","2","2","1","0","null","null","null","null","null","null","4"
"1125641","2","1","2","1","0","null","null","null","null","null","null","11"
"1125641","2","0","2","1","0","null","null","null","null","null","null","5"
"1125641","2","2","2","1","0","null","null","null","null","null","null","6"
"1125641","1","1","2","1","1","1","0","0","0","0","0","2"
"1125641","2","1","2","0","1","0","0","0","0","0","1","5"
"1125641","1","2","2","0","0","null","null","null","null","null","null","2"
"1125641","1","1","2","0","1","0","0","0","0","0","1","3"
"1125641","1","3","2","1","1","1","0","0","0","0","0","2"
"1125641","2","3","2","1","0","null","null","null","null","null","null","50"
"1125641","2","1","2","0","0","null","null","null","null","null","null","41"
"1125641","1","1","2","0","0","null","null","null","null","null","null","43"
"1125641","1","1","2","1","0","null","null","null","null","null","null","9"
"1125641","2","3","2","1","1","1","0","0","0","0","0","4"
"1125641","2","3","2","0","1","0","0","0","0","0","1","2"
"1125641","2","3","2","1","1","0","0","0","0","0","1","3"
"1125641","1","3","2","1","0","null","null","null","null","null","null","31"
"1125641","2","1","2","1","1","0","0","0","0","0","1","2"
"1125641","1","0","2","1","0","null","null","null","null","null","null","4"
"1125642","1","3","2","0","0","null","null","null","null","null","null","2"
"1126690","1","2","null","0","0","null","null","null","null","null","null","5"
"1126690","1","3","null","1","0","null","null","null","null","null","null","56"
"1126690","2","1","null","0","0","null","null","null","null","null","null","9"
"1126690","1","0","null","1","0","null","null","null","null","null","null","2"
"1126690","1","3","null","0","0","null","null","null","null","null","null","32"
"1126690","1","2","null","1","0","null","null","null","null","null","null","15"
"1126690","2","2","null","1","0","null","null","null","null","null","null","8"
"1126690","1","0","null","0","0","null","null","null","null","null","null","7"
"1126690","1","1","null","0","0","null","null","null","null","null","null","8"
"1126690","2","3","null","1","0","null","null","null","null","null","null","12"
"1126690","2","1","null","1","0","null","null","null","null","null","null","5"
"1126690","2","3","null","0","0","null","null","null","null","null","null","13"
"1126690","1","1","null","1","0","null","null","null","null","null","null","10"
"1126690","2","2","null","0","0","null","null","null","null","null","null","3"
"1126690","1","4","null","0","0","null","null","null","null","null","null","3"
"1126958","2","1","1","1","0","null","null","null","null","null","null","7"
"1126958","1","2","1","0","0","null","null","null","null","null","null","3"
"1126958","2","3","3","1","1","0","0","0","0","1","0","1"
"1126958","2","3","1","1","1","1","0","0","0","0","0","3"
"1126958","2","2","3","1","0","null","null","null","null","null","null","4"
"1126958","1","3","1","0","0","null","null","null","null","null","null","16"
"1126958","1","0","1","1","0","null","null","null","null","null","null","6"
"1126958","1","0","3","0","0","null","null","null","null","null","null","13"
"1126958","1","3","1","1","0","null","null","null","null","null","null","27"
"1126958","1","3","3","1","0","null","null","null","null","null","null","18"
"1126958","2","3","1","1","0","null","null","null","null","null","null","10"
"1126958","1","0","3","1","0","null","null","null","null","null","null","4"
"1126958","2","2","3","0","0","null","null","null","null","null","null","2"
"1126958","1","3","3","1","1","1","0","0","0","0","0","2"
"1126958","1","1","1","0","1","0","0","0","0","1","0","4"
"1126958","2","0","1","0","0","null","null","null","null","null","null","4"
"1126958","1","2","3","0","0","null","null","null","null","null","null","2"
"1126958","2","1","3","0","0","null","null","null","null","null","null","22"
"1126958","2","3","3","1","0","null","null","null","null","null","null","15"
"1126958","2","3","1","0","0","null","null","null","null","null","null","4"
"1126958","1","2","1","1","0","null","null","null","null","null","null","2"
"1126958","2","1","3","0","1","0","0","1","0","0","0","2"
"1126958","1","1","3","1","1","0","0","1","0","0","0","2"
"1126958","2","1","3","1","1","1","0","0","0","0","0","2"
"1126958","1","1","1","0","1","0","0","0","0","0","1","3"
"1126958","2","0","3","0","0","null","null","null","null","null","null","16"
"1126958","2","1","3","1","0","null","null","null","null","null","null","7"
"1126958","2","0","1","1","0","null","null","null","null","null","null","3"
"1126958","1","3","1","1","1","1","0","0","0","0","0","2"
"1126958","1","1","3","0","0","null","null","null","null","null","null","25"
"1126958","1","1","3","1","0","null","null","null","null","null","null","13"
"1126958","1","1","3","0","1","0","0","0","0","1","0","4"
"1126958","2","1","1","0","1","1","0","0","0","0","0","2"
"1126958","1","1","1","0","0","null","null","null","null","null","null","36"
"1126958","1","3","3","0","0","null","null","null","null","null","null","10"
"1126958","2","3","3","0","0","null","null","null","null","null","null","7"
"1126958","2","1","1","0","0","null","null","null","null","null","null","16"
"1126958","1","0","1","0","0","null","null","null","null","null","null","20"
"1126958","1","1","1","1","0","null","null","null","null","null","null","10"
"1126958","1","1","3","0","1","0","0","0","0","0","1","2"
"1126958","2","2","1","0","0","null","null","null","null","null","null","6"
"1127039","1","2","3","0","0","null","null","null","null","null","null","7"
"1127039","1","3","2","0","0","null","null","null","null","null","null","14"
"1127039","1","0","2","0","0","null","null","null","null","null","null","12"
"1127039","1","3","2","1","0","null","null","null","null","null","null","19"
"1127039","1","1","3","1","0","null","null","null","null","null","null","5"
"1127039","1","3","3","1","1","0","0","0","0","1","0","2"
"1127039","2","1","3","1","1","1","0","0","0","0","0","2"
"1127039","1","3","3","1","0","null","null","null","null","null","null","30"
"1127039","1","3","3","0","0","null","null","null","null","null","null","14"
"1127039","1","0","2","1","0","null","null","null","null","null","null","6"
"1127039","2","2","2","0","0","null","null","null","null","null","null","6"
"1127039","1","2","2","0","0","null","null","null","null","null","null","3"
"1127039","1","5","3","0","0","null","null","null","null","null","null","2"
"1127039","1","1","3","0","0","null","null","null","null","null","null","11"
"1127039","2","0","3","0","0","null","null","null","null","null","null","17"
"1127039","2","5","3","0","0","null","null","null","null","null","null","2"
"1127039","1","0","3","1","0","null","null","null","null","null","null","7"
"1127039","2","1","2","0","0","null","null","null","null","null","null","13"
"1127039","1","1","2","0","0","null","null","null","null","null","null","14"
"1127039","2","0","2","0","0","null","null","null","null","null","null","7"
"1127039","2","0","2","1","0","null","null","null","null","null","null","2"
"1127039","1","3","2","1","1","1","0","0","0","0","0","3"
"1127039","2","3","2","1","0","null","null","null","null","null","null","15"
"1127039","2","3","2","0","0","null","null","null","null","null","null","18"
"1127039","2","1","3","1","0","null","null","null","null","null","null","13"
"1127039","2","1","2","1","0","null","null","null","null","null","null","7"
"1127039","2","2","3","0","0","null","null","null","null","null","null","7"
"1127039","2","2","2","1","0","null","null","null","null","null","null","4"
"1127039","1","3","2","1","1","0","0","0","0","1","0","2"
"1127039","2","2","3","1","0","null","null","null","null","null","null","7"
"1127039","1","0","3","0","0","null","null","null","null","null","null","22"
"1127039","2","3","3","1","0","null","null","null","null","null","null","36"
"1127039","2","3","3","1","1","1","0","0","0","0","0","2"
"1127039","1","4","2","0","0","null","null","null","null","null","null","3"
"1127039","2","3","3","0","0","null","null","null","null","null","null","34"
"1127039","2","1","3","0","0","null","null","null","null","null","null","30"
"1127039","1","1","2","1","0","null","null","null","null","null","null","13"
"1127039","2","0","3","1","0","null","null","null","null","null","null","8"
"1127039","1","2","3","1","0","null","null","null","null","null","null","2"
"1127164","2","3","4","0","1","0","0","0","0","1","0","3"
"1127164","1","3","4","1","1","1","0","1","0","0","0","2"
"1127164","2","1","4","1","1","0","0","0","0","1","0","2"
"1127164","2","3","4","0","1","1","1","1","0","0","0","3"
"1127164","2","0","4","0","1","0","0","1","0","0","1","3"
"1127164","1","0","4","1","0","null","null","null","null","null","null","4"
"1127164","2","3","4","1","1","0","0","1","0","0","1","2"
"1127164","2","1","4","1","1","1","0","0","0","0","0","7"
"1127164","2","1","4","0","1","0","0","0","0","1","0","9"
"1127164","2","1","4","0","1","0","0","1","0","0","1","2"
"1127164","2","3","4","0","0","null","null","null","null","null","null","66"
"1127164","1","3","4","1","0","null","null","null","null","null","null","16"
"1127164","2","3","4","1","1","1","0","1","0","0","0","3"
"1127164","1","1","4","0","0","null","null","null","null","null","null","19"
"1127164","2","1","4","0","0","null","null","null","null","null","null","121"
"1127164","1","0","4","0","0","null","null","null","null","null","null","10"
"1127164","2","1","4","0","1","0","0","0","0","0","1","4"
"1127164","2","3","4","1","1","1","1","1","0","0","0","4"
"1127164","2","1","4","1","1","1","1","1","0","0","0","5"
"1127164","2","1","4","0","1","0","0","1","0","0","0","2"
"1127164","2","0","4","0","0","null","null","null","null","null","null","56"
"1127164","1","1","4","1","0","null","null","null","null","null","null","7"
"1127164","2","3","4","1","1","0","0","0","0","0","1","2"
"1127164","2","3","4","1","1","1","0","0","0","0","0","23"
"1127164","2","3","4","0","1","0","0","0","0","0","1","5"
"1127164","2","2","4","1","1","1","0","1","0","0","0","3"
"1127164","2","1","4","0","1","1","0","1","0","0","0","2"
"1127164","1","3","4","1","1","1","0","0","0","0","0","5"
"1127164","1","3","4","0","0","null","null","null","null","null","null","17"
"1127164","2","2","4","1","0","null","null","null","null","null","null","7"
"1127164","2","1","4","0","1","1","0","0","0","0","0","3"
"1127164","2","1","4","1","0","null","null","null","null","null","null","20"
"1127164","2","0","4","1","0","null","null","null","null","null","null","13"
"1127164","2","3","4","1","0","null","null","null","null","null","null","90"
"1127164","2","2","4","0","0","null","null","null","null","null","null","6"
"1127164","1","1","4","1","1","0","0","1","0","0","1","2"
"1127164","1","1","4","1","1","1","0","0","0","0","0","2"
"1127164","2","2","4","1","1","1","0","0","0","0","0","4"
"1127165","1","2","3","0","0","null","null","null","null","null","null","4"
"1127165","2","3","2","1","1","1","0","0","0","0","0","2"
"1127165","2","3","3","0","0","null","null","null","null","null","null","38"
"1127165","1","3","3","0","0","null","null","null","null","null","null","7"
"1127165","1","1","2","0","0","null","null","null","null","null","null","13"
"1127165","1","3","3","1","0","null","null","null","null","null","null","30"
"1127165","1","0","2","1","0","null","null","null","null","null","null","7"
"1127165","2","2","3","1","0","null","null","null","null","null","null","3"
"1127165","1","1","2","1","0","null","null","null","null","null","null","3"
"1127165","1","0","3","1","0","null","null","null","null","null","null","3"
"1127165","1","3","2","0","0","null","null","null","null","null","null","11"
"1127165","1","3","2","0","1","1","0","0","0","0","0","4"
"1127165","2","0","3","0","0","null","null","null","null","null","null","29"
"1127165","1","3","2","1","1","1","0","0","0","0","0","6"
"1127165","2","0","2","1","0","null","null","null","null","null","null","3"
"1127165","2","3","2","1","0","null","null","null","null","null","null","25"
"1127165","2","3","3","1","1","1","0","0","0","0","0","4"
"1127165","2","0","3","1","0","null","null","null","null","null","null","7"
"1127165","1","0","3","0","0","null","null","null","null","null","null","12"
"1127165","2","4","3","0","0","null","null","null","null","null","null","3"
"1127165","2","1","2","0","0","null","null","null","null","null","null","17"
"1127165","2","3","3","1","0","null","null","null","null","null","null","44"
"1127165","2","3","2","0","0","null","null","null","null","null","null","23"
"1127165","2","1","3","0","0","null","null","null","null","null","null","16"
"1127165","1","0","2","0","0","null","null","null","null","null","null","4"
"1127165","1","1","2","1","1","1","0","0","0","0","0","2"
"1127165","2","2","2","1","0","null","null","null","null","null","null","2"
"1127165","2","2","3","0","0","null","null","null","null","null","null","6"
"1127165","1","3","2","1","0","null","null","null","null","null","null","19"
"1127165","2","1","2","1","0","null","null","null","null","null","null","4"
"1127165","2","2","2","0","0","null","null","null","null","null","null","5"
"1127165","2","1","3","1","0","null","null","null","null","null","null","7"
"1127165","2","0","2","0","0","null","null","null","null","null","null","17"
"1127165","1","1","3","0","0","null","null","null","null","null","null","6"
"1127165","1","1","3","1","0","null","null","null","null","null","null","2"
"1127907","2","3","2","1","0","null","null","null","null","null","null","17"
"1127907","1","0","3","0","0","null","null","null","null","null","null","23"
"1127907","1","3","3","1","0","null","null","null","null","null","null","40"
"1127907","2","0","2","0","0","null","null","null","null","null","null","6"
"1127907","1","3","2","1","1","1","0","1","0","0","0","2"
"1127907","2","1","3","0","0","null","null","null","null","null","null","20"
"1127907","2","1","2","0","1","1","0","0","0","0","0","2"
"1127907","2","3","2","0","0","null","null","null","null","null","null","12"
"1127907","1","3","2","0","0","null","null","null","null","null","null","24"
"1127907","1","1","3","0","0","null","null","null","null","null","null","14"
"1127907","1","0","3","1","0","null","null","null","null","null","null","6"
"1127907","2","2","2","1","0","null","null","null","null","null","null","2"
"1127907","1","2","3","0","0","null","null","null","null","null","null","2"
"1127907","1","3","3","1","1","1","0","0","0","0","0","2"
"1127907","2","3","3","1","0","null","null","null","null","null","null","31"
"1127907","1","3","2","1","0","null","null","null","null","null","null","27"
"1127907","1","1","2","0","0","null","null","null","null","null","null","16"
"1127907","1","1","2","1","0","null","null","null","null","null","null","5"
"1127907","1","1","3","1","1","1","0","0","0","0","0","2"
"1127907","2","3","3","1","1","1","0","0","0","0","0","3"
"1127907","2","0","3","0","0","null","null","null","null","null","null","13"
"1127907","2","2","3","0","0","null","null","null","null","null","null","5"
"1127907","2","1","3","1","0","null","null","null","null","null","null","4"
"1127907","1","1","2","0","1","0","0","0","0","1","0","3"
"1127907","2","0","2","1","0","null","null","null","null","null","null","4"
"1127907","1","0","2","0","1","1","0","0","0","0","0","1"
"1127907","2","1","2","0","0","null","null","null","null","null","null","8"
"1127907","2","0","3","1","0","null","null","null","null","null","null","6"
"1127907","1","3","3","0","0","null","null","null","null","null","null","25"
"1127907","1","2","2","0","0","null","null","null","null","null","null","4"
"1127907","1","0","2","0","0","null","null","null","null","null","null","15"
"1127907","1","3","2","1","1","1","0","0","0","0","0","8"
"1127907","1","1","2","0","1","1","0","0","0","0","0","4"
"1127907","1","2","3","1","0","null","null","null","null","null","null","4"
"1127907","2","1","2","1","0","null","null","null","null","null","null","3"
"1127907","1","4","3","0","0","null","null","null","null","null","null","2"
"1127907","2","3","3","0","0","null","null","null","null","null","null","26"
"1127907","1","1","3","1","0","null","null","null","null","null","null","6"
"1127907","1","0","2","1","0","null","null","null","null","null","null","5"
"1127907","1","2","3","1","1","1","0","0","0","0","0","2"
"1127907","1","3","3","0","1","1","0","0","0","0","0","2"
"1127907","1","2","2","1","0","null","null","null","null","null","null","3"
"1127907","2","4","3","0","0","null","null","null","null","null","null","2"
"1161324","1","3","3","1","0","null","null","null","null","null","null","20"
"1161324","1","3","3","1","1","1","0","0","0","0","0","3"
"1161324","1","3","3","0","1","0","0","0","0","0","1","2"
"1161324","2","1","3","0","0","null","null","null","null","null","null","7"
"1161324","1","2","3","0","0","null","null","null","null","null","null","3"
"1161324","2","2","3","0","0","null","null","null","null","null","null","4"
"1161324","1","0","3","1","0","null","null","null","null","null","null","4"
"1161324","2","0","3","0","0","null","null","null","null","null","null","9"
"1161324","1","0","3","0","0","null","null","null","null","null","null","12"
"1161324","1","3","3","0","0","null","null","null","null","null","null","12"
"1161324","1","1","3","0","0","null","null","null","null","null","null","6"
"1161324","2","3","3","1","0","null","null","null","null","null","null","14"
"1161324","2","3","3","0","0","null","null","null","null","null","null","13"
"1161324","2","3","3","0","1","0","0","0","0","1","0","2"
"1162837","2","3","4","0","0","null","null","null","null","null","null","5"
"1162837","2","1","4","1","0","null","null","null","null","null","null","2"
"1162837","1","3","4","0","0","null","null","null","null","null","null","2"
"1162837","2","3","4","1","0","null","null","null","null","null","null","6"
"1162837","2","2","4","0","0","null","null","null","null","null","null","3"
"1162837","2","0","4","0","0","null","null","null","null","null","null","2"
"1162837","2","1","4","0","0","null","null","null","null","null","null","9"
"1162837","1","1","4","0","0","null","null","null","null","null","null","2"
"1162838","2","3","3","0","0","null","null","null","null","null","null","37"
"1162838","1","1","3","1","0","null","null","null","null","null","null","8"
"1162838","1","3","3","0","0","null","null","null","null","null","null","14"
"1162838","2","0","3","1","0","null","null","null","null","null","null","6"
"1162838","1","0","3","0","0","null","null","null","null","null","null","5"
"1162838","2","2","3","1","0","null","null","null","null","null","null","9"
"1162838","2","1","3","0","0","null","null","null","null","null","null","17"
"1162838","1","1","3","0","0","null","null","null","null","null","null","27"
"1162838","2","0","3","0","0","null","null","null","null","null","null","9"
"1162838","2","3","3","1","0","null","null","null","null","null","null","33"
"1162838","2","2","3","0","0","null","null","null","null","null","null","11"
"1162838","1","2","3","1","0","null","null","null","null","null","null","3"
"1162838","1","3","3","1","0","null","null","null","null","null","null","30"
"1162838","1","0","3","1","0","null","null","null","null","null","null","5"
"1162838","1","2","3","0","0","null","null","null","null","null","null","6"
"1162838","2","1","3","1","0","null","null","null","null","null","null","3"
"1166771","2","3","2","1","0","null","null","null","null","null","null","19"
"1166771","1","3","2","1","0","null","null","null","null","null","null","6"
"1166771","2","2","2","1","1","1","0","0","0","0","0","2"
"1166771","2","2","2","1","0","null","null","null","null","null","null","3"
"1166771","2","1","2","1","0","null","null","null","null","null","null","3"
"1166771","1","0","2","1","0","null","null","null","null","null","null","2"
"1166771","2","3","2","0","0","null","null","null","null","null","null","7"
"1166771","1","2","2","0","0","null","null","null","null","null","null","2"
"1166771","1","0","2","0","0","null","null","null","null","null","null","8"
"1166771","2","0","2","0","0","null","null","null","null","null","null","4"
"1166771","1","1","2","1","0","null","null","null","null","null","null","2"
"1166771","1","1","2","0","0","null","null","null","null","null","null","6"
"1166771","2","2","2","0","0","null","null","null","null","null","null","4"
"1166771","2","1","2","0","0","null","null","null","null","null","null","9"
"1166771","1","3","2","0","0","null","null","null","null","null","null","7"
"1167933","1","1","4","0","0","null","null","null","null","null","null","4"
"1167933","1","0","4","1","1","1","0","0","0","0","0","2"
"1167933","1","3","4","0","1","0","0","1","0","0","0","2"
"1167933","1","2","4","0","0","null","null","null","null","null","null","3"
"1167933","1","3","4","1","0","null","null","null","null","null","null","3"
"1167933","2","1","4","0","1","1","0","0","0","0","0","2"
"1167933","2","3","4","1","1","1","0","0","0","0","0","5"
"1167933","1","1","4","1","0","null","null","null","null","null","null","3"
"1167933","1","0","4","1","0","null","null","null","null","null","null","2"
"1167933","2","2","4","1","0","null","null","null","null","null","null","2"
"1167933","1","0","4","0","0","null","null","null","null","null","null","9"
"1167933","1","3","4","0","0","null","null","null","null","null","null","7"
"1167933","2","1","4","1","1","1","0","0","0","0","0","3"
"1167933","2","3","4","0","1","1","1","0","0","0","0","2"
"1167933","2","0","4","1","0","null","null","null","null","null","null","2"
"1167933","2","3","4","1","1","1","1","0","0","0","0","2"
"1167933","2","1","4","1","0","null","null","null","null","null","null","2"
"1167933","1","2","4","0","1","1","0","0","0","0","0","3"
"1167933","2","3","4","0","1","1","0","0","0","0","0","4"
"1167933","1","1","4","0","1","1","0","0","0","0","0","5"
"1167933","1","3","4","0","1","1","0","0","0","0","0","4"
"1167933","2","3","4","0","0","null","null","null","null","null","null","7"
"1167933","2","3","4","1","0","null","null","null","null","null","null","7"
"1167933","1","3","4","1","1","1","0","0","0","0","0","5"
"1167933","2","1","4","0","0","null","null","null","null","null","null","8"
"1167933","2","1","4","0","1","1","0","0","0","0","1","3"
"1167933","2","2","4","0","1","1","0","0","0","0","0","3"
"1167933","1","3","4","0","1","1","0","1","0","0","1","2"
"1167933","1","1","4","1","1","1","0","0","0","0","0","2"
"1167933","2","0","4","0","0","null","null","null","null","null","null","5"
"1189062","2","2","4","0","0","null","null","null","null","null","null","2"
"1189062","2","1","4","0","1","0","0","0","0","1","0","6"
"1189062","2","3","4","1","1","1","0","0","0","0","0","3"
"1189062","2","1","4","0","0","null","null","null","null","null","null","40"
"1189062","2","1","4","1","1","1","0","0","0","0","0","4"
"1189062","1","3","4","1","1","0","0","0","0","1","0","2"
"1189062","2","2","4","1","1","1","0","0","0","0","0","2"
"1189062","1","0","4","0","0","null","null","null","null","null","null","22"
"1189062","1","2","4","1","0","null","null","null","null","null","null","3"
"1189062","2","1","4","1","0","null","null","null","null","null","null","9"
"1189062","1","1","4","1","0","null","null","null","null","null","null","11"
"1189062","1","1","4","0","0","null","null","null","null","null","null","37"
"1189062","2","0","4","0","0","null","null","null","null","null","null","17"
"1189062","1","3","4","0","1","1","0","0","0","0","0","2"
"1189062","1","0","4","1","0","null","null","null","null","null","null","7"
"1189062","1","1","4","1","1","1","0","0","0","0","0","2"
"1189062","1","3","4","1","0","null","null","null","null","null","null","52"
"1189062","1","2","4","0","0","null","null","null","null","null","null","2"
"1189062","1","3","4","0","0","null","null","null","null","null","null","24"
"1189062","1","1","4","0","1","1","0","0","0","0","0","2"
"1189062","2","0","4","1","0","null","null","null","null","null","null","5"
"1189062","2","3","4","0","0","null","null","null","null","null","null","20"
"1189062","1","3","4","1","1","1","0","0","0","0","0","7"
"1189062","2","3","4","1","0","null","null","null","null","null","null","31"
"1189062","2","2","4","1","0","null","null","null","null","null","null","7"
"1189063","1","1","4","0","0","null","null","null","null","null","null","24"
"1189063","2","3","4","1","1","0","0","0","0","1","0","2"
"1189063","1","3","4","0","0","null","null","null","null","null","null","20"
"1189063","1","1","4","0","1","1","0","0","0","0","0","3"
"1189063","1","3","4","1","0","null","null","null","null","null","null","26"
"1189063","1","3","4","1","1","1","0","0","0","0","0","2"
"1189063","2","2","4","1","1","1","0","0","0","0","0","3"
"1189063","2","3","4","0","0","null","null","null","null","null","null","39"
"1189063","2","1","4","0","1","0","0","1","0","0","1","2"
"1189063","2","3","4","1","1","1","1","0","0","0","0","3"
"1189063","2","5","4","0","0","null","null","null","null","null","null","2"
"1189063","2","3","4","1","1","1","0","0","0","0","0","4"
"1189063","2","1","4","0","0","null","null","null","null","null","null","55"
"1189063","2","1","4","1","0","null","null","null","null","null","null","12"
"1189063","1","0","4","1","0","null","null","null","null","null","null","5"
"1189063","2","2","4","0","0","null","null","null","null","null","null","4"
"1189063","1","0","4","0","0","null","null","null","null","null","null","20"
"1189063","2","0","4","1","0","null","null","null","null","null","null","7"
"1189063","1","1","4","1","0","null","null","null","null","null","null","10"
"1189063","2","0","4","0","0","null","null","null","null","null","null","25"
"1189063","1","0","4","1","1","1","0","0","0","0","0","3"
"1189063","2","2","4","1","0","null","null","null","null","null","null","3"
"1189063","2","3","4","1","0","null","null","null","null","null","null","60"
"1189063","2","1","4","1","1","1","0","0","0","0","0","2"
"1189063","2","3","4","0","1","0","0","0","0","0","1","2"
"1189063","1","1","4","0","1","0","0","0","0","0","1","2"
"1191007","1","1","4","0","0","null","null","null","null","null","null","19"
"1191007","2","4","4","1","0","null","null","null","null","null","null","2"
"1191007","1","4","4","0","0","null","null","null","null","null","null","2"
"1191007","1","0","4","1","0","null","null","null","null","null","null","3"
"1191007","2","1","4","0","0","null","null","null","null","null","null","3"
"1191007","1","1","4","1","0","null","null","null","null","null","null","10"
"1191007","2","0","4","0","0","null","null","null","null","null","null","3"
"1191007","1","2","4","0","0","null","null","null","null","null","null","7"
"1191007","1","3","4","1","1","1","0","0","0","0","0","2"
"1191007","2","0","4","0","1","1","0","0","0","1","0","2"
"1191007","1","3","4","1","0","null","null","null","null","null","null","19"
"1191007","2","3","4","1","1","1","0","0","0","0","0","4"
"1191007","2","3","4","1","0","null","null","null","null","null","null","16"
"1191007","1","0","4","0","0","null","null","null","null","null","null","14"
"1191007","2","3","4","0","0","null","null","null","null","null","null","4"
"1191007","1","3","4","0","0","null","null","null","null","null","null","16"
"1203263","1","2","null","1","0","null","null","null","null","null","null","3"
"1203263","2","1","null","0","0","null","null","null","null","null","null","3"
"1203263","2","3","null","0","0","null","null","null","null","null","null","10"
"1203263","1","3","null","0","0","null","null","null","null","null","null","10"
"1203263","2","3","null","1","0","null","null","null","null","null","null","12"
"1203263","1","0","null","0","0","null","null","null","null","null","null","2"
"1203263","2","2","null","1","0","null","null","null","null","null","null","3"
"1203263","2","1","null","1","0","null","null","null","null","null","null","7"
"1203263","1","3","null","1","0","null","null","null","null","null","null","13"
"1203263","1","1","null","1","0","null","null","null","null","null","null","4"
"1203263","2","2","null","0","0","null","null","null","null","null","null","2"
"1203266","2","1","null","0","0","null","null","null","null","null","null","4"
"1203266","2","3","null","0","0","null","null","null","null","null","null","4"
"1203266","2","3","null","1","0","null","null","null","null","null","null","3"
"1203266","1","3","null","0","0","null","null","null","null","null","null","2"
"1261910","2","3","null","1","0","null","null","null","null","null","null","21"
"1261910","1","0","null","1","0","null","null","null","null","null","null","2"
"1261910","1","2","null","1","0","null","null","null","null","null","null","2"
"1261910","2","1","null","1","0","null","null","null","null","null","null","5"
"1261910","2","0","null","0","0","null","null","null","null","null","null","2"
"1261910","1","3","null","1","0","null","null","null","null","null","null","36"
"1261910","1","0","null","0","0","null","null","null","null","null","null","5"
"1261910","2","3","null","0","0","null","null","null","null","null","null","20"
"1261910","2","2","null","0","0","null","null","null","null","null","null","4"
"1261910","1","1","null","0","0","null","null","null","null","null","null","24"
"1261910","2","1","null","0","0","null","null","null","null","null","null","21"
"1261910","1","3","null","0","0","null","null","null","null","null","null","29"
"1261910","1","1","null","1","0","null","null","null","null","null","null","9"
"1261913","1","2","null","0","0","null","null","null","null","null","null","4"
"1261913","1","0","null","0","0","null","null","null","null","null","null","11"
"1261913","2","0","null","0","0","null","null","null","null","null","null","3"
"1261913","1","2","null","1","0","null","null","null","null","null","null","7"
"1261913","2","3","null","0","0","null","null","null","null","null","null","12"
"1261913","1","1","null","0","0","null","null","null","null","null","null","13"
"1261913","2","3","null","1","0","null","null","null","null","null","null","13"
"1261913","1","0","null","1","0","null","null","null","null","null","null","3"
"1261913","1","3","null","1","0","null","null","null","null","null","null","35"
"1261913","2","1","null","0","0","null","null","null","null","null","null","6"
"1261913","2","2","null","1","0","null","null","null","null","null","null","3"
"1261913","1","3","null","0","0","null","null","null","null","null","null","22"
"1261913","1","1","null","1","0","null","null","null","null","null","null","9"
"1268219","1","1","1","1","0","null","null","null","null","null","null","21"
"1268219","1","2","1","0","0","null","null","null","null","null","null","10"
"1268219","2","1","1","1","0","null","null","null","null","null","null","9"
"1268219","1","1","1","0","1","0","0","0","0","1","1","2"
"1268219","1","3","1","0","0","null","null","null","null","null","null","27"
"1268219","1","3","1","1","0","null","null","null","null","null","null","48"
"1268219","1","1","1","1","1","0","0","0","0","1","0","2"
"1268219","1","1","1","1","1","1","0","0","0","0","0","2"
"1268219","2","3","1","1","1","1","0","0","0","0","0","5"
"1268219","2","2","1","0","0","null","null","null","null","null","null","8"
"1268219","1","0","1","0","0","null","null","null","null","null","null","36"
"1268219","1","0","1","0","1","0","0","0","0","0","1","2"
"1268219","1","2","1","1","0","null","null","null","null","null","null","8"
"1268219","1","2","1","1","1","1","0","0","0","0","0","2"
"1268219","2","1","1","0","1","0","0","0","0","1","0","3"
"1268219","2","0","1","1","0","null","null","null","null","null","null","4"
"1268219","2","2","1","1","0","null","null","null","null","null","null","6"
"1268219","1","3","1","1","1","1","0","0","0","0","0","2"
"1268219","2","1","1","0","0","null","null","null","null","null","null","38"
"1268219","2","1","1","0","1","0","0","0","0","0","1","3"
"1268219","1","3","1","0","1","0","0","0","0","1","0","4"
"1268219","1","0","1","1","0","null","null","null","null","null","null","11"
"1268219","1","1","1","0","0","null","null","null","null","null","null","46"
"1268219","2","0","1","0","0","null","null","null","null","null","null","16"
"1268219","2","3","1","0","0","null","null","null","null","null","null","18"
"1268219","1","1","1","0","1","0","0","0","0","0","1","6"
"1268219","2","3","1","1","0","null","null","null","null","null","null","36"
"1268219","2","2","1","1","1","0","0","0","0","0","1","2"
"1268219","2","2","1","1","1","1","0","0","0","0","0","3"
"1268221","2","3","1","0","0","null","null","null","null","null","null","23"
"1268221","2","3","1","1","0","null","null","null","null","null","null","34"
"1268221","1","3","1","1","0","null","null","null","null","null","null","20"
"1268221","1","2","1","1","0","null","null","null","null","null","null","3"
"1268221","1","0","1","0","0","null","null","null","null","null","null","7"
"1268221","2","2","1","1","0","null","null","null","null","null","null","7"
"1268221","2","1","1","0","1","0","0","0","0","1","0","2"
"1268221","1","3","1","0","0","null","null","null","null","null","null","15"
"1268221","2","2","1","0","0","null","null","null","null","null","null","5"
"1268221","1","1","1","1","1","1","0","0","0","0","0","3"
"1268221","1","0","1","1","0","null","null","null","null","null","null","5"
"1268221","2","0","1","0","0","null","null","null","null","null","null","9"
"1268221","1","2","1","0","0","null","null","null","null","null","null","5"
"1268221","1","1","1","0","0","null","null","null","null","null","null","19"
"1268221","2","1","1","1","0","null","null","null","null","null","null","11"
"1268221","2","1","1","0","1","0","0","0","0","0","1","5"
"1268221","1","1","1","1","0","null","null","null","null","null","null","10"
"1268221","2","1","1","0","0","null","null","null","null","null","null","35"
"1268257","1","1","3","1","0","null","null","null","null","null","null","16"
"1268257","1","0","3","1","0","null","null","null","null","null","null","7"
"1268257","2","3","3","1","0","null","null","null","null","null","null","25"
"1268257","2","1","3","1","0","null","null","null","null","null","null","6"
"1268257","1","4","3","0","0","null","null","null","null","null","null","3"
"1268257","1","3","3","1","0","null","null","null","null","null","null","41"
"1268257","1","2","3","0","0","null","null","null","null","null","null","7"
"1268257","2","4","3","0","0","null","null","null","null","null","null","2"
"1268257","2","1","3","0","0","null","null","null","null","null","null","18"
"1268257","2","0","3","0","0","null","null","null","null","null","null","11"
"1268257","1","3","3","0","1","0","0","0","0","1","0","2"
"1268257","2","3","3","0","1","0","0","0","0","1","0","2"
"1268257","1","1","3","1","1","1","0","0","0","0","0","2"
"1268257","1","0","3","0","0","null","null","null","null","null","null","14"
"1268257","2","3","3","0","0","null","null","null","null","null","null","20"
"1268257","1","1","3","0","0","null","null","null","null","null","null","45"
"1268257","1","3","3","1","1","1","0","0","0","0","0","2"
"1268257","2","2","3","1","0","null","null","null","null","null","null","4"
"1268257","2","3","3","1","1","1","0","0","0","0","0","2"
"1268257","2","2","3","0","0","null","null","null","null","null","null","8"
"1268257","1","1","3","0","1","0","0","0","0","1","0","2"
"1268257","1","2","3","1","0","null","null","null","null","null","null","2"
"1268257","1","3","3","0","0","null","null","null","null","null","null","29"
"1268257","2","2","3","1","1","0","0","0","0","1","0","2"
"1363988","2","2","2","0","0","null","null","null","null","null","null","7"
"1363988","2","1","2","1","0","null","null","null","null","null","null","12"
"1363988","2","4","2","1","0","null","null","null","null","null","null","2"
"1363988","1","1","2","1","0","null","null","null","null","null","null","9"
"1363988","1","2","2","0","0","null","null","null","null","null","null","7"
"1363988","2","0","2","0","0","null","null","null","null","null","null","21"
"1363988","1","0","2","1","0","null","null","null","null","null","null","8"
"1363988","2","3","2","0","0","null","null","null","null","null","null","26"
"1363988","1","1","2","0","0","null","null","null","null","null","null","35"
"1363988","2","1","2","0","0","null","null","null","null","null","null","21"
"1363988","1","3","2","1","0","null","null","null","null","null","null","51"
"1363988","1","1","2","1","1","0","0","0","0","1","0","2"
"1363988","2","0","2","1","0","null","null","null","null","null","null","6"
"1363988","1","4","2","0","0","null","null","null","null","null","null","3"
"1363988","1","1","2","0","1","0","0","0","0","0","1","3"
"1363988","1","3","2","0","0","null","null","null","null","null","null","22"
"1363988","1","3","2","1","1","1","0","0","0","0","0","2"
"1363988","2","3","2","1","1","1","1","0","0","0","0","2"
"1363988","1","2","2","1","1","1","0","0","0","0","0","2"
"1363988","1","3","2","0","1","0","0","0","0","1","0","3"
"1363988","2","1","2","0","1","0","0","0","0","1","0","3"
"1363988","2","3","2","1","0","null","null","null","null","null","null","35"
"1363988","1","0","2","0","0","null","null","null","null","null","null","21"
"1363988","1","2","2","1","0","null","null","null","null","null","null","4"
"1363988","1","3","2","1","1","0","0","0","0","1","0","3"
"1363988","2","2","2","1","0","null","null","null","null","null","null","4"
"1363988","2","3","2","1","1","0","0","0","0","1","0","2"
"1363988","1","1","2","0","1","0","0","0","0","1","0","4"
"1399139","1","3","4","0","0","null","null","null","null","null","null","15"
"1399139","1","3","4","1","0","null","null","null","null","null","null","43"
"1399139","1","0","4","0","0","null","null","null","null","null","null","21"
"1399139","1","1","4","1","1","1","0","0","0","0","0","4"
"1399139","2","3","4","0","0","null","null","null","null","null","null","10"
"1399139","1","2","4","0","0","null","null","null","null","null","null","2"
"1399139","2","0","4","1","0","null","null","null","null","null","null","3"
"1399139","2","1","4","1","0","null","null","null","null","null","null","8"
"1399139","1","0","4","1","0","null","null","null","null","null","null","13"
"1399139","1","1","4","0","1","0","0","0","0","0","1","2"
"1399139","1","1","4","1","0","null","null","null","null","null","null","8"
"1399139","2","1","4","0","1","0","0","0","0","1","0","3"
"1399139","2","0","4","0","1","0","0","0","0","1","0","2"
"1399139","2","3","4","1","0","null","null","null","null","null","null","9"
"1399139","1","0","4","0","1","0","0","0","0","1","0","2"
"1399139","2","0","4","0","0","null","null","null","null","null","null","12"
"1399139","1","3","4","0","1","0","0","1","0","0","1","2"
"1399139","1","1","4","0","1","0","0","0","0","1","0","3"
"1399139","2","2","4","0","0","null","null","null","null","null","null","4"
"1399139","1","1","4","0","0","null","null","null","null","null","null","37"
"1399139","1","3","4","1","1","1","0","0","0","0","0","10"
"1399139","2","1","4","0","0","null","null","null","null","null","null","11"
"1399139","1","3","4","1","1","0","0","0","0","1","0","4"
"1440696","1","1","4","0","0","null","null","null","null","null","null","14"
"1440696","2","1","4","0","1","1","0","0","0","0","0","2"
"1440696","2","3","4","0","0","null","null","null","null","null","null","9"
"1440696","1","0","4","0","1","1","0","0","0","1","0","2"
"1440696","1","0","4","0","1","0","0","0","0","1","0","2"
"1440696","2","3","4","0","1","1","0","0","0","0","0","2"
"1440696","1","0","4","0","0","null","null","null","null","null","null","18"
"1440696","1","1","4","0","1","1","0","0","0","1","0","3"
"1440696","1","3","4","1","0","null","null","null","null","null","null","32"
"1440696","1","3","4","1","1","1","1","0","0","0","0","7"
"1440696","1","3","4","0","0","null","null","null","null","null","null","21"
"1440696","1","4","4","1","1","1","1","0","0","0","0","2"
"1440696","2","3","4","1","1","1","1","0","0","0","0","2"
"1440696","1","0","4","1","0","null","null","null","null","null","null","5"
"1440696","2","3","4","0","1","1","1","0","0","0","0","2"
"1440696","2","5","4","1","0","null","null","null","null","null","null","2"
"1440696","2","1","4","0","0","null","null","null","null","null","null","13"
"1440696","2","3","4","1","1","1","0","0","0","1","0","6"
"1440696","1","3","4","1","1","1","0","0","0","1","0","5"
"1440696","2","0","4","0","0","null","null","null","null","null","null","20"
"1440696","1","1","4","1","0","null","null","null","null","null","null","5"
"1440696","2","3","4","0","1","0","0","0","0","1","0","2"
"1440696","1","1","4","1","1","1","0","0","0","1","0","2"
"1440696","1","5","4","0","0","null","null","null","null","null","null","2"
"1440696","1","0","4","1","1","1","0","0","0","1","0","2"
"1440696","2","3","4","1","0","null","null","null","null","null","null","16"
"1440696","1","0","4","0","1","1","0","0","0","0","0","2"
"1440696","2","3","4","0","1","1","0","0","0","1","0","3"
"1440696","2","1","4","1","1","1","0","0","0","0","0","2"
"1440696","2","0","4","1","0","null","null","null","null","null","null","2"
"1440696","2","1","4","1","0","null","null","null","null","null","null","3"
"1440696","1","3","4","1","1","1","0","0","0","0","0","8"
"1503759","1","0","4","1","0","null","null","null","null","null","null","6"
"1503759","2","0","4","1","0","null","null","null","null","null","null","4"
"1503759","2","1","4","0","1","0","0","0","0","1","0","4"
"1503759","2","3","4","1","1","1","0","0","0","0","0","14"
"1503759","2","3","4","1","1","1","0","1","0","0","0","2"
"1503759","2","3","4","1","1","1","0","0","0","0","1","2"
"1503759","1","3","4","1","1","1","0","0","0","0","0","5"
"1503759","2","2","4","0","0","null","null","null","null","null","null","5"
"1503759","2","2","4","1","0","null","null","null","null","null","null","2"
"1503759","1","1","4","0","0","null","null","null","null","null","null","11"
"1503759","1","1","4","1","0","null","null","null","null","null","null","4"
"1503759","1","3","4","1","0","null","null","null","null","null","null","9"
"1503759","1","0","4","0","0","null","null","null","null","null","null","6"
"1503759","2","1","4","1","0","null","null","null","null","null","null","16"
"1503759","1","2","4","0","0","null","null","null","null","null","null","3"
"1503759","2","3","4","1","0","null","null","null","null","null","null","45"
"1503759","2","1","4","1","1","1","0","0","0","0","0","4"
"1503759","2","3","4","0","0","null","null","null","null","null","null","34"
"1503759","2","0","4","0","0","null","null","null","null","null","null","27"
"1503759","2","1","4","0","0","null","null","null","null","null","null","46"
"1503759","2","3","4","1","1","1","1","1","0","0","0","2"
"1503759","1","3","4","0","0","null","null","null","null","null","null","3"
"1564470","2","3","2","1","0","null","null","null","null","null","null","15"
"1564470","1","3","2","0","0","null","null","null","null","null","null","4"
"1564470","2","1","2","0","0","null","null","null","null","null","null","14"
"1564470","2","3","2","0","0","null","null","null","null","null","null","5"
"1564470","2","1","2","1","0","null","null","null","null","null","null","3"
"1564470","1","1","2","0","0","null","null","null","null","null","null","5"
"1564470","1","0","2","0","0","null","null","null","null","null","null","2"
"1564470","2","0","2","1","0","null","null","null","null","null","null","4"
"1564470","1","3","2","1","0","null","null","null","null","null","null","9"
"1564470","2","0","2","0","0","null","null","null","null","null","null","13"
"1564470","2","1","2","0","1","0","0","0","0","1","0","2"
"1564470","1","1","2","1","0","null","null","null","null","null","null","2"
"5000897","1","4","3","0","0","null","null","null","null","null","null","2"
"5000897","2","0","3","0","0","null","null","null","null","null","null","5"
"5000897","2","3","3","0","0","null","null","null","null","null","null","10"
"5000897","1","3","3","1","1","0","0","0","0","1","0","2"
"5000897","2","3","3","0","1","0","0","0","0","0","1","2"
"5000897","2","1","3","0","0","null","null","null","null","null","null","8"
"5000897","1","2","3","1","0","null","null","null","null","null","null","2"
"5000897","1","3","3","0","0","null","null","null","null","null","null","9"
"5000897","1","3","3","1","0","null","null","null","null","null","null","13"
"5000897","1","3","3","0","1","0","0","0","0","0","1","2"
"5000897","1","1","3","1","0","null","null","null","null","null","null","3"
"5000897","1","2","3","0","0","null","null","null","null","null","null","7"
"5000897","2","2","3","0","0","null","null","null","null","null","null","3"
"5000897","2","3","3","1","0","null","null","null","null","null","null","7"
"5000897","1","0","3","0","0","null","null","null","null","null","null","9"
"5000897","1","1","3","0","0","null","null","null","null","null","null","7"
"5000897","1","0","3","1","0","null","null","null","null","null","null","5"
"5000898","2","3","2","1","0","null","null","null","null","null","null","8"
"5000898","1","0","2","1","1","0","0","0","0","1","0","5"
"5000898","1","0","2","0","1","1","1","0","0","0","0","2"
"5000898","1","1","2","1","1","1","0","0","0","1","0","2"
"5000898","1","0","2","1","0","null","null","null","null","null","null","9"
"5000898","1","1","2","1","1","1","1","0","0","0","0","2"
"5000898","2","5","2","0","0","null","null","null","null","null","null","2"
"5000898","1","1","2","1","0","null","null","null","null","null","null","3"
"5000898","2","3","2","1","1","1","0","0","0","1","0","2"
"5000898","1","3","2","1","1","1","0","0","0","0","0","2"
"5000898","1","3","2","0","1","1","0","0","0","1","0","6"
"5000898","2","1","2","1","0","null","null","null","null","null","null","3"
"5000898","1","3","2","1","1","1","0","0","0","1","0","5"
"5000898","1","3","2","0","0","null","null","null","null","null","null","10"
"5000898","1","0","2","0","1","0","0","0","0","1","0","2"
"5000898","2","2","2","0","1","1","0","0","0","1","0","2"
"5000898","1","1","2","0","1","1","0","0","0","0","0","2"
"5000898","1","3","2","1","1","0","0","0","0","1","0","4"
"5000898","1","1","2","0","1","1","0","0","0","1","0","4"
"5000898","1","0","2","0","0","null","null","null","null","null","null","18"
"5000898","2","0","2","0","0","null","null","null","null","null","null","5"
"5000898","1","0","2","0","1","1","0","0","0","1","0","3"
"5000898","2","1","2","0","0","null","null","null","null","null","null","4"
"5000898","2","3","2","1","1","1","1","0","0","0","0","4"
"5000898","2","3","2","0","0","null","null","null","null","null","null","7"
"5000898","1","3","2","0","1","1","1","0","0","0","0","2"
"5000898","1","3","2","0","1","1","0","1","0","0","0","2"
"5000898","1","1","2","0","0","null","null","null","null","null","null","7"
"5000898","1","5","2","0","0","null","null","null","null","null","null","3"
"5000898","1","3","2","1","0","null","null","null","null","null","null","25"
"5000898","1","5","2","1","0","null","null","null","null","null","null","4"
"5000898","1","3","2","1","1","1","1","0","0","0","0","8"
"5000898","2","3","2","0","1","1","0","0","0","1","0","2"
"5001240","1","2","4","1","0","null","null","null","null","null","null","3"
"5001240","2","3","4","0","1","1","0","0","0","1","0","2"
"5001240","1","2","4","0","0","null","null","null","null","null","null","3"
"5001240","1","3","4","1","0","null","null","null","null","null","null","34"
"5001240","1","3","4","0","0","null","null","null","null","null","null","24"
"5001240","1","1","4","1","0","null","null","null","null","null","null","9"
"5001240","1","1","4","0","1","0","0","0","0","0","1","3"
"5001240","2","3","4","1","0","null","null","null","null","null","null","36"
"5001240","2","3","4","1","1","1","0","0","0","0","0","9"
"5001240","2","2","4","0","0","null","null","null","null","null","null","3"
"5001240","1","0","4","1","1","1","0","0","0","0","0","2"
"5001240","1","3","4","1","1","1","0","0","0","1","0","2"
"5001240","2","1","4","0","1","0","0","0","0","1","0","4"
"5001240","1","1","4","0","0","null","null","null","null","null","null","37"
"5001240","2","0","4","0","0","null","null","null","null","null","null","16"
"5001240","1","3","4","0","1","1","0","0","0","0","0","3"
"5001240","1","3","4","0","1","0","0","0","0","0","1","3"
"5001240","1","3","4","1","1","1","0","0","0","0","0","7"
"5001240","2","1","4","0","1","1","0","0","0","0","0","2"
"5001240","1","1","4","0","1","1","0","0","0","0","0","4"
"5001240","1","3","4","1","1","0","0","0","0","0","1","3"
"5001240","2","3","4","0","0","null","null","null","null","null","null","22"
"5001240","1","3","4","1","1","0","0","0","0","1","0","4"
"5001240","1","3","4","1","1","1","0","0","0","0","1","1"
"5001240","2","0","4","0","1","1","0","0","0","0","0","2"
"5001240","2","1","4","0","0","null","null","null","null","null","null","35"
"5001240","1","0","4","1","0","null","null","null","null","null","null","7"
"5001240","2","0","4","1","0","null","null","null","null","null","null","2"
"5001240","2","1","4","1","1","0","0","0","0","1","0","2"
"5001240","2","1","4","1","1","1","0","0","0","0","0","3"
"5001240","2","3","4","1","1","0","0","0","0","1","0","3"
"5001240","2","1","4","1","0","null","null","null","null","null","null","11"
"5001240","1","0","4","0","0","null","null","null","null","null","null","22"
"5001240","2","3","4","1","1","0","0","0","0","0","1","2"
"5001240","2","1","4","1","1","1","1","1","0","0","0","2"